Name|Farbe|Druck|Adresse|Kommentar|Bild_1|Bild_2|Type|IconScale|longitude (Länge)|latitude (Breite)|Leerspalte|BeschreibungText|Bild_1_Link|Bild_2_Link|Beschreibung|Icon|Koordinaten
50|ff0000ff|1.9|Hengstacker. 2||050_Pic_1.jpg|050_Pic_2.jpg|Neu||8.89053161308681|47.1911812331427||Druck:&lt;B/&gt;1.9 bar&lt;/B/&gt;&lt;BR/&gt;Hengstacker. 2|&lt;BR/&gt;&lt;img src="http://www.fhoch3.peterliwiese.ch/8855_Wangen/img/050_Pic_1.jpg" style="max-height:200px;" /&gt;|&lt;BR/&gt;&lt;img src="http://www.fhoch3.peterliwiese.ch/8855_Wangen/img/050_Pic_2.jpg" style="max-height:200px;" /&gt;|Druck:&lt;B/&gt;1.9 bar&lt;/B/&gt;&lt;BR/&gt;Hengstacker. 2&lt;BR/&gt;&lt;img src="http://www.fhoch3.peterliwiese.ch/8855_Wangen/img/050_Pic_1.jpg" style="max-height:200px;" /&gt;&lt;BR/&gt;&lt;img src="http://www.fhoch3.peterliwiese.ch/8855_Wangen/img/050_Pic_1.jpg" style="max-height:200px;" /&gt;|http://www.fhoch3.peterliwiese.ch/icons/HyderantNeuKlein.png|8.89053161308681,47.1911812331427
138|ff0000ff|2|Hengstacker. 4||138_Pic_1.jpg|138_Pic_2.jpg|Neu||8.88922225504375|47.1903475990973||Druck:&lt;B/&gt;2 bar&lt;/B/&gt;&lt;BR/&gt;Hengstacker. 4|&lt;BR/&gt;&lt;img src="http://www.fhoch3.peterliwiese.ch/8855_Wangen/img/138_Pic_1.jpg" style="max-height:200px;" /&gt;|&lt;BR/&gt;&lt;img src="http://www.fhoch3.peterliwiese.ch/8855_Wangen/img/138_Pic_2.jpg" style="max-height:200px;" /&gt;|Druck:&lt;B/&gt;2 bar&lt;/B/&gt;&lt;BR/&gt;Hengstacker. 4&lt;BR/&gt;&lt;img src="http://www.fhoch3.peterliwiese.ch/8855_Wangen/img/138_Pic_1.jpg" style="max-height:200px;" /&gt;&lt;BR/&gt;&lt;img src="http://www.fhoch3.peterliwiese.ch/8855_Wangen/img/138_Pic_1.jpg" style="max-height:200px;" /&gt;|http://www.fhoch3.peterliwiese.ch/icons/HyderantNeuKlein.png|8.88922225504375,47.1903475990973
127 Tuggen|ff00ffff||||127_Pic_Tuggen_1.jpg||Alt||8.91137|47.18541|||&lt;BR/&gt;&lt;img src="http://www.fhoch3.peterliwiese.ch/8855_Wangen/img/127_Pic_Tuggen_1.jpg" style="max-height:200px;" /&gt;||&lt;BR/&gt;&lt;img src="http://www.fhoch3.peterliwiese.ch/8855_Wangen/img/127_Pic_Tuggen_1.jpg" style="max-height:200px;" /&gt;&lt;BR/&gt;&lt;img src="http://www.fhoch3.peterliwiese.ch/8855_Wangen/img/127_Pic_Tuggen_1.jpg" style="max-height:200px;" /&gt;|http://www.fhoch3.peterliwiese.ch/icons/HyderantAltKlein.png|8.91137,47.18541
123 Tuggen|ff00ffff||||123_Pic_Tuggen_1.jpg||Neu||8.91006049288707|47.194025776736|||&lt;BR/&gt;&lt;img src="http://www.fhoch3.peterliwiese.ch/8855_Wangen/img/123_Pic_Tuggen_1.jpg" style="max-height:200px;" /&gt;||&lt;BR/&gt;&lt;img src="http://www.fhoch3.peterliwiese.ch/8855_Wangen/img/123_Pic_Tuggen_1.jpg" style="max-height:200px;" /&gt;&lt;BR/&gt;&lt;img src="http://www.fhoch3.peterliwiese.ch/8855_Wangen/img/123_Pic_Tuggen_1.jpg" style="max-height:200px;" /&gt;|http://www.fhoch3.peterliwiese.ch/icons/HyderantNeuKlein.png|8.91006049288707,47.194025776736
122 Tuggen|ff00ffff||||122_Pic_Tuggen_1.jpg||Neu||8.91196182927069|47.1942065817814|||&lt;BR/&gt;&lt;img src="http://www.fhoch3.peterliwiese.ch/8855_Wangen/img/122_Pic_Tuggen_1.jpg" style="max-height:200px;" /&gt;||&lt;BR/&gt;&lt;img src="http://www.fhoch3.peterliwiese.ch/8855_Wangen/img/122_Pic_Tuggen_1.jpg" style="max-height:200px;" /&gt;&lt;BR/&gt;&lt;img src="http://www.fhoch3.peterliwiese.ch/8855_Wangen/img/122_Pic_Tuggen_1.jpg" style="max-height:200px;" /&gt;|http://www.fhoch3.peterliwiese.ch/icons/HyderantNeuKlein.png|8.91196182927069,47.1942065817814
121 Tuggen|ff00ffff||||||Gruen||8.91221507889686|47.1937931643525||||||https://api3.geo.admin.ch/color/0,255,0/marker-24@2x.png|8.91221507889686,47.1937931643525
1|ff0000ff|1.9|||001_Pic_1.jpg||Neu||8.89556418993143|47.1916050998332||Druck:&lt;B/&gt;1.9 bar&lt;/B/&gt;&lt;BR/&gt;|&lt;BR/&gt;&lt;img src="http://www.fhoch3.peterliwiese.ch/8855_Wangen/img/001_Pic_1.jpg" style="max-height:200px;" /&gt;||Druck:&lt;B/&gt;1.9 bar&lt;/B/&gt;&lt;BR/&gt;&lt;BR/&gt;&lt;img src="http://www.fhoch3.peterliwiese.ch/8855_Wangen/img/001_Pic_1.jpg" style="max-height:200px;" /&gt;&lt;BR/&gt;&lt;img src="http://www.fhoch3.peterliwiese.ch/8855_Wangen/img/001_Pic_1.jpg" style="max-height:200px;" /&gt;|http://www.fhoch3.peterliwiese.ch/icons/HyderantNeuKlein.png|8.89556418993143,47.1916050998332
2|ff0000ff|2|||002_Pic_1.jpg||Neu||8.89397393473903|47.1913914474919||Druck:&lt;B/&gt;2 bar&lt;/B/&gt;&lt;BR/&gt;|&lt;BR/&gt;&lt;img src="http://www.fhoch3.peterliwiese.ch/8855_Wangen/img/002_Pic_1.jpg" style="max-height:200px;" /&gt;||Druck:&lt;B/&gt;2 bar&lt;/B/&gt;&lt;BR/&gt;&lt;BR/&gt;&lt;img src="http://www.fhoch3.peterliwiese.ch/8855_Wangen/img/002_Pic_1.jpg" style="max-height:200px;" /&gt;&lt;BR/&gt;&lt;img src="http://www.fhoch3.peterliwiese.ch/8855_Wangen/img/002_Pic_1.jpg" style="max-height:200px;" /&gt;|http://www.fhoch3.peterliwiese.ch/icons/HyderantNeuKlein.png|8.89397393473903,47.1913914474919
3|ff0000ff|2.1|||003_Pic_1.jpg||Neu||8.89427280611745|47.1918986550377||Druck:&lt;B/&gt;2.1 bar&lt;/B/&gt;&lt;BR/&gt;|&lt;BR/&gt;&lt;img src="http://www.fhoch3.peterliwiese.ch/8855_Wangen/img/003_Pic_1.jpg" style="max-height:200px;" /&gt;||Druck:&lt;B/&gt;2.1 bar&lt;/B/&gt;&lt;BR/&gt;&lt;BR/&gt;&lt;img src="http://www.fhoch3.peterliwiese.ch/8855_Wangen/img/003_Pic_1.jpg" style="max-height:200px;" /&gt;&lt;BR/&gt;&lt;img src="http://www.fhoch3.peterliwiese.ch/8855_Wangen/img/003_Pic_1.jpg" style="max-height:200px;" /&gt;|http://www.fhoch3.peterliwiese.ch/icons/HyderantNeuKlein.png|8.89427280611745,47.1918986550377
4|ff0000ff|2.9|||004_Pic_1.jpg||Neu||8.89325784838597|47.1925183971737||Druck:&lt;B/&gt;2.9 bar&lt;/B/&gt;&lt;BR/&gt;|&lt;BR/&gt;&lt;img src="http://www.fhoch3.peterliwiese.ch/8855_Wangen/img/004_Pic_1.jpg" style="max-height:200px;" /&gt;||Druck:&lt;B/&gt;2.9 bar&lt;/B/&gt;&lt;BR/&gt;&lt;BR/&gt;&lt;img src="http://www.fhoch3.peterliwiese.ch/8855_Wangen/img/004_Pic_1.jpg" style="max-height:200px;" /&gt;&lt;BR/&gt;&lt;img src="http://www.fhoch3.peterliwiese.ch/8855_Wangen/img/004_Pic_1.jpg" style="max-height:200px;" /&gt;|http://www.fhoch3.peterliwiese.ch/icons/HyderantNeuKlein.png|8.89325784838597,47.1925183971737
5|ff00a5ff|3|||005_Pic_1.jpg||Neu||8.89210390730734|47.1922348027363||Druck:&lt;B/&gt;3 bar&lt;/B/&gt;&lt;BR/&gt;|&lt;BR/&gt;&lt;img src="http://www.fhoch3.peterliwiese.ch/8855_Wangen/img/005_Pic_1.jpg" style="max-height:200px;" /&gt;||Druck:&lt;B/&gt;3 bar&lt;/B/&gt;&lt;BR/&gt;&lt;BR/&gt;&lt;img src="http://www.fhoch3.peterliwiese.ch/8855_Wangen/img/005_Pic_1.jpg" style="max-height:200px;" /&gt;&lt;BR/&gt;&lt;img src="http://www.fhoch3.peterliwiese.ch/8855_Wangen/img/005_Pic_1.jpg" style="max-height:200px;" /&gt;|http://www.fhoch3.peterliwiese.ch/icons/HyderantNeuKlein.png|8.89210390730734,47.1922348027363
6|ff00a5ff|3.1|||006_Pic_1.jpg||Neu||8.89323445772902|47.191691375577||Druck:&lt;B/&gt;3.1 bar&lt;/B/&gt;&lt;BR/&gt;|&lt;BR/&gt;&lt;img src="http://www.fhoch3.peterliwiese.ch/8855_Wangen/img/006_Pic_1.jpg" style="max-height:200px;" /&gt;||Druck:&lt;B/&gt;3.1 bar&lt;/B/&gt;&lt;BR/&gt;&lt;BR/&gt;&lt;img src="http://www.fhoch3.peterliwiese.ch/8855_Wangen/img/006_Pic_1.jpg" style="max-height:200px;" /&gt;&lt;BR/&gt;&lt;img src="http://www.fhoch3.peterliwiese.ch/8855_Wangen/img/006_Pic_1.jpg" style="max-height:200px;" /&gt;|http://www.fhoch3.peterliwiese.ch/icons/HyderantNeuKlein.png|8.89323445772902,47.191691375577
7|ff00a5ff|3.9|||007_Pic_1.jpg||Neu||8.89402232591432|47.1882718316766||Druck:&lt;B/&gt;3.9 bar&lt;/B/&gt;&lt;BR/&gt;|&lt;BR/&gt;&lt;img src="http://www.fhoch3.peterliwiese.ch/8855_Wangen/img/007_Pic_1.jpg" style="max-height:200px;" /&gt;||Druck:&lt;B/&gt;3.9 bar&lt;/B/&gt;&lt;BR/&gt;&lt;BR/&gt;&lt;img src="http://www.fhoch3.peterliwiese.ch/8855_Wangen/img/007_Pic_1.jpg" style="max-height:200px;" /&gt;&lt;BR/&gt;&lt;img src="http://www.fhoch3.peterliwiese.ch/8855_Wangen/img/007_Pic_1.jpg" style="max-height:200px;" /&gt;|http://www.fhoch3.peterliwiese.ch/icons/HyderantNeuKlein.png|8.89402232591432,47.1882718316766
8|ff00ff00|4|||008_Pic_1.jpg||Alt||8.89116644715758|47.1915239255688||Druck:&lt;B/&gt;4 bar&lt;/B/&gt;&lt;BR/&gt;|&lt;BR/&gt;&lt;img src="http://www.fhoch3.peterliwiese.ch/8855_Wangen/img/008_Pic_1.jpg" style="max-height:200px;" /&gt;||Druck:&lt;B/&gt;4 bar&lt;/B/&gt;&lt;BR/&gt;&lt;BR/&gt;&lt;img src="http://www.fhoch3.peterliwiese.ch/8855_Wangen/img/008_Pic_1.jpg" style="max-height:200px;" /&gt;&lt;BR/&gt;&lt;img src="http://www.fhoch3.peterliwiese.ch/8855_Wangen/img/008_Pic_1.jpg" style="max-height:200px;" /&gt;|http://www.fhoch3.peterliwiese.ch/icons/HyderantAltKlein.png|8.89116644715758,47.1915239255688
9|ff00ff00|4.1|||009_Pic_1.jpg||Alt||8.88856|47.19154||Druck:&lt;B/&gt;4.1 bar&lt;/B/&gt;&lt;BR/&gt;|&lt;BR/&gt;&lt;img src="http://www.fhoch3.peterliwiese.ch/8855_Wangen/img/009_Pic_1.jpg" style="max-height:200px;" /&gt;||Druck:&lt;B/&gt;4.1 bar&lt;/B/&gt;&lt;BR/&gt;&lt;BR/&gt;&lt;img src="http://www.fhoch3.peterliwiese.ch/8855_Wangen/img/009_Pic_1.jpg" style="max-height:200px;" /&gt;&lt;BR/&gt;&lt;img src="http://www.fhoch3.peterliwiese.ch/8855_Wangen/img/009_Pic_1.jpg" style="max-height:200px;" /&gt;|http://www.fhoch3.peterliwiese.ch/icons/HyderantAltKlein.png|8.88856,47.19154
10|ff00ffff||||010_Pic_1.jpg||Alt||8.88523|47.19162|||&lt;BR/&gt;&lt;img src="http://www.fhoch3.peterliwiese.ch/8855_Wangen/img/010_Pic_1.jpg" style="max-height:200px;" /&gt;||&lt;BR/&gt;&lt;img src="http://www.fhoch3.peterliwiese.ch/8855_Wangen/img/010_Pic_1.jpg" style="max-height:200px;" /&gt;&lt;BR/&gt;&lt;img src="http://www.fhoch3.peterliwiese.ch/8855_Wangen/img/010_Pic_1.jpg" style="max-height:200px;" /&gt;|http://www.fhoch3.peterliwiese.ch/icons/HyderantAltKlein.png|8.88523,47.19162
11|ff00ffff||||011_Pic_1.jpg||Neu||8.88220072114483|47.1919574861765|||&lt;BR/&gt;&lt;img src="http://www.fhoch3.peterliwiese.ch/8855_Wangen/img/011_Pic_1.jpg" style="max-height:200px;" /&gt;||&lt;BR/&gt;&lt;img src="http://www.fhoch3.peterliwiese.ch/8855_Wangen/img/011_Pic_1.jpg" style="max-height:200px;" /&gt;&lt;BR/&gt;&lt;img src="http://www.fhoch3.peterliwiese.ch/8855_Wangen/img/011_Pic_1.jpg" style="max-height:200px;" /&gt;|http://www.fhoch3.peterliwiese.ch/icons/HyderantNeuKlein.png|8.88220072114483,47.1919574861765
12|ff00ffff|||Steht 2m vom der Strasse entfernt in der Wiese|012_Pic_1.jpg||Alt||8.87637738210617|47.1927856034485|| Steht 2m vom der Strasse entfernt in der Wiese|&lt;BR/&gt;&lt;img src="http://www.fhoch3.peterliwiese.ch/8855_Wangen/img/012_Pic_1.jpg" style="max-height:200px;" /&gt;|| Steht 2m vom der Strasse entfernt in der Wiese&lt;BR/&gt;&lt;img src="http://www.fhoch3.peterliwiese.ch/8855_Wangen/img/012_Pic_1.jpg" style="max-height:200px;" /&gt;&lt;BR/&gt;&lt;img src="http://www.fhoch3.peterliwiese.ch/8855_Wangen/img/012_Pic_1.jpg" style="max-height:200px;" /&gt;|http://www.fhoch3.peterliwiese.ch/icons/HyderantAltKlein.png|8.87637738210617,47.1927856034485
13|ff00ffff|||Angemalt|013_Pic_1.jpg||Alt||8.88173|47.19252|| Angemalt|&lt;BR/&gt;&lt;img src="http://www.fhoch3.peterliwiese.ch/8855_Wangen/img/013_Pic_1.jpg" style="max-height:200px;" /&gt;|| Angemalt&lt;BR/&gt;&lt;img src="http://www.fhoch3.peterliwiese.ch/8855_Wangen/img/013_Pic_1.jpg" style="max-height:200px;" /&gt;&lt;BR/&gt;&lt;img src="http://www.fhoch3.peterliwiese.ch/8855_Wangen/img/013_Pic_1.jpg" style="max-height:200px;" /&gt;|http://www.fhoch3.peterliwiese.ch/icons/HyderantAltKlein.png|8.88173,47.19252
14|ff00ffff||||014_Pic_1.jpg||Alt||8.88079075098062|47.1927026254374|||&lt;BR/&gt;&lt;img src="http://www.fhoch3.peterliwiese.ch/8855_Wangen/img/014_Pic_1.jpg" style="max-height:200px;" /&gt;||&lt;BR/&gt;&lt;img src="http://www.fhoch3.peterliwiese.ch/8855_Wangen/img/014_Pic_1.jpg" style="max-height:200px;" /&gt;&lt;BR/&gt;&lt;img src="http://www.fhoch3.peterliwiese.ch/8855_Wangen/img/014_Pic_1.jpg" style="max-height:200px;" /&gt;|http://www.fhoch3.peterliwiese.ch/icons/HyderantAltKlein.png|8.88079075098062,47.1927026254374
15|ff00ffff||||015_Pic_1.jpg||Alt||8.88107669618223|47.193184167317|||&lt;BR/&gt;&lt;img src="http://www.fhoch3.peterliwiese.ch/8855_Wangen/img/015_Pic_1.jpg" style="max-height:200px;" /&gt;||&lt;BR/&gt;&lt;img src="http://www.fhoch3.peterliwiese.ch/8855_Wangen/img/015_Pic_1.jpg" style="max-height:200px;" /&gt;&lt;BR/&gt;&lt;img src="http://www.fhoch3.peterliwiese.ch/8855_Wangen/img/015_Pic_1.jpg" style="max-height:200px;" /&gt;|http://www.fhoch3.peterliwiese.ch/icons/HyderantAltKlein.png|8.88107669618223,47.193184167317
16|ff00ffff||||016_Pic_1.jpg||Neu||8.8797893665352|47.1941347734711|||&lt;BR/&gt;&lt;img src="http://www.fhoch3.peterliwiese.ch/8855_Wangen/img/016_Pic_1.jpg" style="max-height:200px;" /&gt;||&lt;BR/&gt;&lt;img src="http://www.fhoch3.peterliwiese.ch/8855_Wangen/img/016_Pic_1.jpg" style="max-height:200px;" /&gt;&lt;BR/&gt;&lt;img src="http://www.fhoch3.peterliwiese.ch/8855_Wangen/img/016_Pic_1.jpg" style="max-height:200px;" /&gt;|http://www.fhoch3.peterliwiese.ch/icons/HyderantNeuKlein.png|8.8797893665352,47.1941347734711
17|ff00ffff|||Mit 75er Abgang|017_Pic_1.jpg||Alt||8.87955501325586|47.1957723208533|| Mit 75er Abgang|&lt;BR/&gt;&lt;img src="http://www.fhoch3.peterliwiese.ch/8855_Wangen/img/017_Pic_1.jpg" style="max-height:200px;" /&gt;|| Mit 75er Abgang&lt;BR/&gt;&lt;img src="http://www.fhoch3.peterliwiese.ch/8855_Wangen/img/017_Pic_1.jpg" style="max-height:200px;" /&gt;&lt;BR/&gt;&lt;img src="http://www.fhoch3.peterliwiese.ch/8855_Wangen/img/017_Pic_1.jpg" style="max-height:200px;" /&gt;|http://www.fhoch3.peterliwiese.ch/icons/HyderantAltKlein.png|8.87955501325586,47.1957723208533
18|ff00ffff||||018_Pic_1.jpg||Neu||8.88192299058584|47.1967565246449|||&lt;BR/&gt;&lt;img src="http://www.fhoch3.peterliwiese.ch/8855_Wangen/img/018_Pic_1.jpg" style="max-height:200px;" /&gt;||&lt;BR/&gt;&lt;img src="http://www.fhoch3.peterliwiese.ch/8855_Wangen/img/018_Pic_1.jpg" style="max-height:200px;" /&gt;&lt;BR/&gt;&lt;img src="http://www.fhoch3.peterliwiese.ch/8855_Wangen/img/018_Pic_1.jpg" style="max-height:200px;" /&gt;|http://www.fhoch3.peterliwiese.ch/icons/HyderantNeuKlein.png|8.88192299058584,47.1967565246449
19|ff00ffff||||019_Pic_1.jpg||Neu||8.88570757361261|47.1955071078022|||&lt;BR/&gt;&lt;img src="http://www.fhoch3.peterliwiese.ch/8855_Wangen/img/019_Pic_1.jpg" style="max-height:200px;" /&gt;||&lt;BR/&gt;&lt;img src="http://www.fhoch3.peterliwiese.ch/8855_Wangen/img/019_Pic_1.jpg" style="max-height:200px;" /&gt;&lt;BR/&gt;&lt;img src="http://www.fhoch3.peterliwiese.ch/8855_Wangen/img/019_Pic_1.jpg" style="max-height:200px;" /&gt;|http://www.fhoch3.peterliwiese.ch/icons/HyderantNeuKlein.png|8.88570757361261,47.1955071078022
20|ff00ffff||||020_Pic_1.jpg||Neu||8.88787|47.19448|||&lt;BR/&gt;&lt;img src="http://www.fhoch3.peterliwiese.ch/8855_Wangen/img/020_Pic_1.jpg" style="max-height:200px;" /&gt;||&lt;BR/&gt;&lt;img src="http://www.fhoch3.peterliwiese.ch/8855_Wangen/img/020_Pic_1.jpg" style="max-height:200px;" /&gt;&lt;BR/&gt;&lt;img src="http://www.fhoch3.peterliwiese.ch/8855_Wangen/img/020_Pic_1.jpg" style="max-height:200px;" /&gt;|http://www.fhoch3.peterliwiese.ch/icons/HyderantNeuKlein.png|8.88787,47.19448
21|ff00ffff||||021_Pic_1.jpg||Alt||8.88795593582903|47.1932865495151|||&lt;BR/&gt;&lt;img src="http://www.fhoch3.peterliwiese.ch/8855_Wangen/img/021_Pic_1.jpg" style="max-height:200px;" /&gt;||&lt;BR/&gt;&lt;img src="http://www.fhoch3.peterliwiese.ch/8855_Wangen/img/021_Pic_1.jpg" style="max-height:200px;" /&gt;&lt;BR/&gt;&lt;img src="http://www.fhoch3.peterliwiese.ch/8855_Wangen/img/021_Pic_1.jpg" style="max-height:200px;" /&gt;|http://www.fhoch3.peterliwiese.ch/icons/HyderantAltKlein.png|8.88795593582903,47.1932865495151
22|ff00ffff||||022_Pic_1.jpg||Alt||8.8885085311409|47.1939989737628|||&lt;BR/&gt;&lt;img src="http://www.fhoch3.peterliwiese.ch/8855_Wangen/img/022_Pic_1.jpg" style="max-height:200px;" /&gt;||&lt;BR/&gt;&lt;img src="http://www.fhoch3.peterliwiese.ch/8855_Wangen/img/022_Pic_1.jpg" style="max-height:200px;" /&gt;&lt;BR/&gt;&lt;img src="http://www.fhoch3.peterliwiese.ch/8855_Wangen/img/022_Pic_1.jpg" style="max-height:200px;" /&gt;|http://www.fhoch3.peterliwiese.ch/icons/HyderantAltKlein.png|8.8885085311409,47.1939989737628
23|ff00ffff||||023_Pic_1.jpg||Neu||8.88704|47.19484|||&lt;BR/&gt;&lt;img src="http://www.fhoch3.peterliwiese.ch/8855_Wangen/img/023_Pic_1.jpg" style="max-height:200px;" /&gt;||&lt;BR/&gt;&lt;img src="http://www.fhoch3.peterliwiese.ch/8855_Wangen/img/023_Pic_1.jpg" style="max-height:200px;" /&gt;&lt;BR/&gt;&lt;img src="http://www.fhoch3.peterliwiese.ch/8855_Wangen/img/023_Pic_1.jpg" style="max-height:200px;" /&gt;|http://www.fhoch3.peterliwiese.ch/icons/HyderantNeuKlein.png|8.88704,47.19484
24|ff00ffff||||024_Pic_1.jpg||Neu||8.88940904456938|47.1941325194516|||&lt;BR/&gt;&lt;img src="http://www.fhoch3.peterliwiese.ch/8855_Wangen/img/024_Pic_1.jpg" style="max-height:200px;" /&gt;||&lt;BR/&gt;&lt;img src="http://www.fhoch3.peterliwiese.ch/8855_Wangen/img/024_Pic_1.jpg" style="max-height:200px;" /&gt;&lt;BR/&gt;&lt;img src="http://www.fhoch3.peterliwiese.ch/8855_Wangen/img/024_Pic_1.jpg" style="max-height:200px;" /&gt;|http://www.fhoch3.peterliwiese.ch/icons/HyderantNeuKlein.png|8.88940904456938,47.1941325194516
25|ff00ffff||||025_Pic_1.jpg||Neu||8.89057|47.19458|||&lt;BR/&gt;&lt;img src="http://www.fhoch3.peterliwiese.ch/8855_Wangen/img/025_Pic_1.jpg" style="max-height:200px;" /&gt;||&lt;BR/&gt;&lt;img src="http://www.fhoch3.peterliwiese.ch/8855_Wangen/img/025_Pic_1.jpg" style="max-height:200px;" /&gt;&lt;BR/&gt;&lt;img src="http://www.fhoch3.peterliwiese.ch/8855_Wangen/img/025_Pic_1.jpg" style="max-height:200px;" /&gt;|http://www.fhoch3.peterliwiese.ch/icons/HyderantNeuKlein.png|8.89057,47.19458
26|ff00ffff||||026_Pic_1.jpg||Neu||8.89228513845481|47.1940394724051|||&lt;BR/&gt;&lt;img src="http://www.fhoch3.peterliwiese.ch/8855_Wangen/img/026_Pic_1.jpg" style="max-height:200px;" /&gt;||&lt;BR/&gt;&lt;img src="http://www.fhoch3.peterliwiese.ch/8855_Wangen/img/026_Pic_1.jpg" style="max-height:200px;" /&gt;&lt;BR/&gt;&lt;img src="http://www.fhoch3.peterliwiese.ch/8855_Wangen/img/026_Pic_1.jpg" style="max-height:200px;" /&gt;|http://www.fhoch3.peterliwiese.ch/icons/HyderantNeuKlein.png|8.89228513845481,47.1940394724051
27|ff00ffff||||027_Pic_1.jpg||Neu||8.89415266022634|47.1931466761747|||&lt;BR/&gt;&lt;img src="http://www.fhoch3.peterliwiese.ch/8855_Wangen/img/027_Pic_1.jpg" style="max-height:200px;" /&gt;||&lt;BR/&gt;&lt;img src="http://www.fhoch3.peterliwiese.ch/8855_Wangen/img/027_Pic_1.jpg" style="max-height:200px;" /&gt;&lt;BR/&gt;&lt;img src="http://www.fhoch3.peterliwiese.ch/8855_Wangen/img/027_Pic_1.jpg" style="max-height:200px;" /&gt;|http://www.fhoch3.peterliwiese.ch/icons/HyderantNeuKlein.png|8.89415266022634,47.1931466761747
28|ff00ffff|||Mit 75er Abgang|028_Pic_1.jpg||Alt||8.89513|47.19333|| Mit 75er Abgang|&lt;BR/&gt;&lt;img src="http://www.fhoch3.peterliwiese.ch/8855_Wangen/img/028_Pic_1.jpg" style="max-height:200px;" /&gt;|| Mit 75er Abgang&lt;BR/&gt;&lt;img src="http://www.fhoch3.peterliwiese.ch/8855_Wangen/img/028_Pic_1.jpg" style="max-height:200px;" /&gt;&lt;BR/&gt;&lt;img src="http://www.fhoch3.peterliwiese.ch/8855_Wangen/img/028_Pic_1.jpg" style="max-height:200px;" /&gt;|http://www.fhoch3.peterliwiese.ch/icons/HyderantAltKlein.png|8.89513,47.19333
29|ff00ffff||||029_Pic_1.jpg||Alt||8.88670800267515|47.1967531671336|||&lt;BR/&gt;&lt;img src="http://www.fhoch3.peterliwiese.ch/8855_Wangen/img/029_Pic_1.jpg" style="max-height:200px;" /&gt;||&lt;BR/&gt;&lt;img src="http://www.fhoch3.peterliwiese.ch/8855_Wangen/img/029_Pic_1.jpg" style="max-height:200px;" /&gt;&lt;BR/&gt;&lt;img src="http://www.fhoch3.peterliwiese.ch/8855_Wangen/img/029_Pic_1.jpg" style="max-height:200px;" /&gt;|http://www.fhoch3.peterliwiese.ch/icons/HyderantAltKlein.png|8.88670800267515,47.1967531671336
30|ff00ffff||||030_Pic_1.jpg||Neu||8.89395501855766|47.1943091720443|||&lt;BR/&gt;&lt;img src="http://www.fhoch3.peterliwiese.ch/8855_Wangen/img/030_Pic_1.jpg" style="max-height:200px;" /&gt;||&lt;BR/&gt;&lt;img src="http://www.fhoch3.peterliwiese.ch/8855_Wangen/img/030_Pic_1.jpg" style="max-height:200px;" /&gt;&lt;BR/&gt;&lt;img src="http://www.fhoch3.peterliwiese.ch/8855_Wangen/img/030_Pic_1.jpg" style="max-height:200px;" /&gt;|http://www.fhoch3.peterliwiese.ch/icons/HyderantNeuKlein.png|8.89395501855766,47.1943091720443
32|ff00ffff||||032_Pic_1.jpg||Neu||8.89622|47.19781|||&lt;BR/&gt;&lt;img src="http://www.fhoch3.peterliwiese.ch/8855_Wangen/img/032_Pic_1.jpg" style="max-height:200px;" /&gt;||&lt;BR/&gt;&lt;img src="http://www.fhoch3.peterliwiese.ch/8855_Wangen/img/032_Pic_1.jpg" style="max-height:200px;" /&gt;&lt;BR/&gt;&lt;img src="http://www.fhoch3.peterliwiese.ch/8855_Wangen/img/032_Pic_1.jpg" style="max-height:200px;" /&gt;|http://www.fhoch3.peterliwiese.ch/icons/HyderantNeuKlein.png|8.89622,47.19781
33|ff00ffff|||Mit 75er Abgang|033_Pic_1.jpg||Alt||8.90864201581308|47.1986681584376|| Mit 75er Abgang|&lt;BR/&gt;&lt;img src="http://www.fhoch3.peterliwiese.ch/8855_Wangen/img/033_Pic_1.jpg" style="max-height:200px;" /&gt;|| Mit 75er Abgang&lt;BR/&gt;&lt;img src="http://www.fhoch3.peterliwiese.ch/8855_Wangen/img/033_Pic_1.jpg" style="max-height:200px;" /&gt;&lt;BR/&gt;&lt;img src="http://www.fhoch3.peterliwiese.ch/8855_Wangen/img/033_Pic_1.jpg" style="max-height:200px;" /&gt;|http://www.fhoch3.peterliwiese.ch/icons/HyderantAltKlein.png|8.90864201581308,47.1986681584376
34|ff00ffff||||034_Pic_1.jpg||Alt||8.89635082827799|47.2000792261984|||&lt;BR/&gt;&lt;img src="http://www.fhoch3.peterliwiese.ch/8855_Wangen/img/034_Pic_1.jpg" style="max-height:200px;" /&gt;||&lt;BR/&gt;&lt;img src="http://www.fhoch3.peterliwiese.ch/8855_Wangen/img/034_Pic_1.jpg" style="max-height:200px;" /&gt;&lt;BR/&gt;&lt;img src="http://www.fhoch3.peterliwiese.ch/8855_Wangen/img/034_Pic_1.jpg" style="max-height:200px;" /&gt;|http://www.fhoch3.peterliwiese.ch/icons/HyderantAltKlein.png|8.89635082827799,47.2000792261984
35|ff00ffff||||035_Pic_1.jpg||Neu||8.89520919648357|47.2007734924015|||&lt;BR/&gt;&lt;img src="http://www.fhoch3.peterliwiese.ch/8855_Wangen/img/035_Pic_1.jpg" style="max-height:200px;" /&gt;||&lt;BR/&gt;&lt;img src="http://www.fhoch3.peterliwiese.ch/8855_Wangen/img/035_Pic_1.jpg" style="max-height:200px;" /&gt;&lt;BR/&gt;&lt;img src="http://www.fhoch3.peterliwiese.ch/8855_Wangen/img/035_Pic_1.jpg" style="max-height:200px;" /&gt;|http://www.fhoch3.peterliwiese.ch/icons/HyderantNeuKlein.png|8.89520919648357,47.2007734924015
36|ff00ffff||||036_Pic_1.jpg||Alt||8.891223727894|47.2009641849958|||&lt;BR/&gt;&lt;img src="http://www.fhoch3.peterliwiese.ch/8855_Wangen/img/036_Pic_1.jpg" style="max-height:200px;" /&gt;||&lt;BR/&gt;&lt;img src="http://www.fhoch3.peterliwiese.ch/8855_Wangen/img/036_Pic_1.jpg" style="max-height:200px;" /&gt;&lt;BR/&gt;&lt;img src="http://www.fhoch3.peterliwiese.ch/8855_Wangen/img/036_Pic_1.jpg" style="max-height:200px;" /&gt;|http://www.fhoch3.peterliwiese.ch/icons/HyderantAltKlein.png|8.891223727894,47.2009641849958
37|ff00ffff||||037_Pic_1.jpg||Alt||8.88798314824125|47.2006013131806|||&lt;BR/&gt;&lt;img src="http://www.fhoch3.peterliwiese.ch/8855_Wangen/img/037_Pic_1.jpg" style="max-height:200px;" /&gt;||&lt;BR/&gt;&lt;img src="http://www.fhoch3.peterliwiese.ch/8855_Wangen/img/037_Pic_1.jpg" style="max-height:200px;" /&gt;&lt;BR/&gt;&lt;img src="http://www.fhoch3.peterliwiese.ch/8855_Wangen/img/037_Pic_1.jpg" style="max-height:200px;" /&gt;|http://www.fhoch3.peterliwiese.ch/icons/HyderantAltKlein.png|8.88798314824125,47.2006013131806
38|ff00ffff||||038_Pic_1.jpg||Alt||8.88738|47.20062|||&lt;BR/&gt;&lt;img src="http://www.fhoch3.peterliwiese.ch/8855_Wangen/img/038_Pic_1.jpg" style="max-height:200px;" /&gt;||&lt;BR/&gt;&lt;img src="http://www.fhoch3.peterliwiese.ch/8855_Wangen/img/038_Pic_1.jpg" style="max-height:200px;" /&gt;&lt;BR/&gt;&lt;img src="http://www.fhoch3.peterliwiese.ch/8855_Wangen/img/038_Pic_1.jpg" style="max-height:200px;" /&gt;|http://www.fhoch3.peterliwiese.ch/icons/HyderantAltKlein.png|8.88738,47.20062
39|ff00ffff||||039_Pic_1.jpg||Neu||8.89464494243147|47.204119574497|||&lt;BR/&gt;&lt;img src="http://www.fhoch3.peterliwiese.ch/8855_Wangen/img/039_Pic_1.jpg" style="max-height:200px;" /&gt;||&lt;BR/&gt;&lt;img src="http://www.fhoch3.peterliwiese.ch/8855_Wangen/img/039_Pic_1.jpg" style="max-height:200px;" /&gt;&lt;BR/&gt;&lt;img src="http://www.fhoch3.peterliwiese.ch/8855_Wangen/img/039_Pic_1.jpg" style="max-height:200px;" /&gt;|http://www.fhoch3.peterliwiese.ch/icons/HyderantNeuKlein.png|8.89464494243147,47.204119574497
40|ff00ffff||||040_Pic_1.jpg||Alt||8.89182015208265|47.2052295875985|||&lt;BR/&gt;&lt;img src="http://www.fhoch3.peterliwiese.ch/8855_Wangen/img/040_Pic_1.jpg" style="max-height:200px;" /&gt;||&lt;BR/&gt;&lt;img src="http://www.fhoch3.peterliwiese.ch/8855_Wangen/img/040_Pic_1.jpg" style="max-height:200px;" /&gt;&lt;BR/&gt;&lt;img src="http://www.fhoch3.peterliwiese.ch/8855_Wangen/img/040_Pic_1.jpg" style="max-height:200px;" /&gt;|http://www.fhoch3.peterliwiese.ch/icons/HyderantAltKlein.png|8.89182015208265,47.2052295875985
41|ff00ffff||||041_Pic_1.jpg||Alt||8.88964346178389|47.2043987875719|||&lt;BR/&gt;&lt;img src="http://www.fhoch3.peterliwiese.ch/8855_Wangen/img/041_Pic_1.jpg" style="max-height:200px;" /&gt;||&lt;BR/&gt;&lt;img src="http://www.fhoch3.peterliwiese.ch/8855_Wangen/img/041_Pic_1.jpg" style="max-height:200px;" /&gt;&lt;BR/&gt;&lt;img src="http://www.fhoch3.peterliwiese.ch/8855_Wangen/img/041_Pic_1.jpg" style="max-height:200px;" /&gt;|http://www.fhoch3.peterliwiese.ch/icons/HyderantAltKlein.png|8.88964346178389,47.2043987875719
42|ff00ffff||||042_Pic_1.jpg||Alt||8.88775282255426|47.2038649574187|||&lt;BR/&gt;&lt;img src="http://www.fhoch3.peterliwiese.ch/8855_Wangen/img/042_Pic_1.jpg" style="max-height:200px;" /&gt;||&lt;BR/&gt;&lt;img src="http://www.fhoch3.peterliwiese.ch/8855_Wangen/img/042_Pic_1.jpg" style="max-height:200px;" /&gt;&lt;BR/&gt;&lt;img src="http://www.fhoch3.peterliwiese.ch/8855_Wangen/img/042_Pic_1.jpg" style="max-height:200px;" /&gt;|http://www.fhoch3.peterliwiese.ch/icons/HyderantAltKlein.png|8.88775282255426,47.2038649574187
43|ff00ffff||||043_Pic_1.jpg||Alt||8.88794|47.20333|||&lt;BR/&gt;&lt;img src="http://www.fhoch3.peterliwiese.ch/8855_Wangen/img/043_Pic_1.jpg" style="max-height:200px;" /&gt;||&lt;BR/&gt;&lt;img src="http://www.fhoch3.peterliwiese.ch/8855_Wangen/img/043_Pic_1.jpg" style="max-height:200px;" /&gt;&lt;BR/&gt;&lt;img src="http://www.fhoch3.peterliwiese.ch/8855_Wangen/img/043_Pic_1.jpg" style="max-height:200px;" /&gt;|http://www.fhoch3.peterliwiese.ch/icons/HyderantAltKlein.png|8.88794,47.20333
44|ff00ffff||||044_Pic_1.jpg||Neu||8.88683541168225|47.2038171279302|||&lt;BR/&gt;&lt;img src="http://www.fhoch3.peterliwiese.ch/8855_Wangen/img/044_Pic_1.jpg" style="max-height:200px;" /&gt;||&lt;BR/&gt;&lt;img src="http://www.fhoch3.peterliwiese.ch/8855_Wangen/img/044_Pic_1.jpg" style="max-height:200px;" /&gt;&lt;BR/&gt;&lt;img src="http://www.fhoch3.peterliwiese.ch/8855_Wangen/img/044_Pic_1.jpg" style="max-height:200px;" /&gt;|http://www.fhoch3.peterliwiese.ch/icons/HyderantNeuKlein.png|8.88683541168225,47.2038171279302
45|ff00ffff||||045_Pic_1.jpg||Neu||8.8821349581724|47.1985869204191|||&lt;BR/&gt;&lt;img src="http://www.fhoch3.peterliwiese.ch/8855_Wangen/img/045_Pic_1.jpg" style="max-height:200px;" /&gt;||&lt;BR/&gt;&lt;img src="http://www.fhoch3.peterliwiese.ch/8855_Wangen/img/045_Pic_1.jpg" style="max-height:200px;" /&gt;&lt;BR/&gt;&lt;img src="http://www.fhoch3.peterliwiese.ch/8855_Wangen/img/045_Pic_1.jpg" style="max-height:200px;" /&gt;|http://www.fhoch3.peterliwiese.ch/icons/HyderantNeuKlein.png|8.8821349581724,47.1985869204191
46|ff00ffff||||046_Pic_1.jpg||Neu||8.88743|47.20198|||&lt;BR/&gt;&lt;img src="http://www.fhoch3.peterliwiese.ch/8855_Wangen/img/046_Pic_1.jpg" style="max-height:200px;" /&gt;||&lt;BR/&gt;&lt;img src="http://www.fhoch3.peterliwiese.ch/8855_Wangen/img/046_Pic_1.jpg" style="max-height:200px;" /&gt;&lt;BR/&gt;&lt;img src="http://www.fhoch3.peterliwiese.ch/8855_Wangen/img/046_Pic_1.jpg" style="max-height:200px;" /&gt;|http://www.fhoch3.peterliwiese.ch/icons/HyderantNeuKlein.png|8.88743,47.20198
47|ff00ffff||||047_Pic_1.jpg||Neu||8.88588829441098|47.2013960528556|||&lt;BR/&gt;&lt;img src="http://www.fhoch3.peterliwiese.ch/8855_Wangen/img/047_Pic_1.jpg" style="max-height:200px;" /&gt;||&lt;BR/&gt;&lt;img src="http://www.fhoch3.peterliwiese.ch/8855_Wangen/img/047_Pic_1.jpg" style="max-height:200px;" /&gt;&lt;BR/&gt;&lt;img src="http://www.fhoch3.peterliwiese.ch/8855_Wangen/img/047_Pic_1.jpg" style="max-height:200px;" /&gt;|http://www.fhoch3.peterliwiese.ch/icons/HyderantNeuKlein.png|8.88588829441098,47.2013960528556
48|ff00ffff||||048_Pic_1.jpg||Alt||8.88386|47.19933|||&lt;BR/&gt;&lt;img src="http://www.fhoch3.peterliwiese.ch/8855_Wangen/img/048_Pic_1.jpg" style="max-height:200px;" /&gt;||&lt;BR/&gt;&lt;img src="http://www.fhoch3.peterliwiese.ch/8855_Wangen/img/048_Pic_1.jpg" style="max-height:200px;" /&gt;&lt;BR/&gt;&lt;img src="http://www.fhoch3.peterliwiese.ch/8855_Wangen/img/048_Pic_1.jpg" style="max-height:200px;" /&gt;|http://www.fhoch3.peterliwiese.ch/icons/HyderantAltKlein.png|8.88386,47.19933
49|ff00ffff|||Neben der grossen Tanne!|049_Pic_1.jpg||Alt||8.8827608989108|47.1992151209187|| Neben der grossen Tanne!|&lt;BR/&gt;&lt;img src="http://www.fhoch3.peterliwiese.ch/8855_Wangen/img/049_Pic_1.jpg" style="max-height:200px;" /&gt;|| Neben der grossen Tanne!&lt;BR/&gt;&lt;img src="http://www.fhoch3.peterliwiese.ch/8855_Wangen/img/049_Pic_1.jpg" style="max-height:200px;" /&gt;&lt;BR/&gt;&lt;img src="http://www.fhoch3.peterliwiese.ch/8855_Wangen/img/049_Pic_1.jpg" style="max-height:200px;" /&gt;|http://www.fhoch3.peterliwiese.ch/icons/HyderantAltKlein.png|8.8827608989108,47.1992151209187
51|ff00ffff||||051_Pic_1.jpg||Neu||8.89493598887288|47.1911070571446|||&lt;BR/&gt;&lt;img src="http://www.fhoch3.peterliwiese.ch/8855_Wangen/img/051_Pic_1.jpg" style="max-height:200px;" /&gt;||&lt;BR/&gt;&lt;img src="http://www.fhoch3.peterliwiese.ch/8855_Wangen/img/051_Pic_1.jpg" style="max-height:200px;" /&gt;&lt;BR/&gt;&lt;img src="http://www.fhoch3.peterliwiese.ch/8855_Wangen/img/051_Pic_1.jpg" style="max-height:200px;" /&gt;|http://www.fhoch3.peterliwiese.ch/icons/HyderantNeuKlein.png|8.89493598887288,47.1911070571446
52|ff00ffff|||Mit 75er Abgang|052_Pic_1.jpg||Alt||8.89436683768502|47.1891715986792|| Mit 75er Abgang|&lt;BR/&gt;&lt;img src="http://www.fhoch3.peterliwiese.ch/8855_Wangen/img/052_Pic_1.jpg" style="max-height:200px;" /&gt;|| Mit 75er Abgang&lt;BR/&gt;&lt;img src="http://www.fhoch3.peterliwiese.ch/8855_Wangen/img/052_Pic_1.jpg" style="max-height:200px;" /&gt;&lt;BR/&gt;&lt;img src="http://www.fhoch3.peterliwiese.ch/8855_Wangen/img/052_Pic_1.jpg" style="max-height:200px;" /&gt;|http://www.fhoch3.peterliwiese.ch/icons/HyderantAltKlein.png|8.89436683768502,47.1891715986792
53|ff00ffff||||053_Pic_1.jpg||Alt||8.89314945981549|47.1877779523119|||&lt;BR/&gt;&lt;img src="http://www.fhoch3.peterliwiese.ch/8855_Wangen/img/053_Pic_1.jpg" style="max-height:200px;" /&gt;||&lt;BR/&gt;&lt;img src="http://www.fhoch3.peterliwiese.ch/8855_Wangen/img/053_Pic_1.jpg" style="max-height:200px;" /&gt;&lt;BR/&gt;&lt;img src="http://www.fhoch3.peterliwiese.ch/8855_Wangen/img/053_Pic_1.jpg" style="max-height:200px;" /&gt;|http://www.fhoch3.peterliwiese.ch/icons/HyderantAltKlein.png|8.89314945981549,47.1877779523119
54|ff00ffff||||054_Pic_1.jpg||Neu||8.89219634974492|47.1858605215436|||&lt;BR/&gt;&lt;img src="http://www.fhoch3.peterliwiese.ch/8855_Wangen/img/054_Pic_1.jpg" style="max-height:200px;" /&gt;||&lt;BR/&gt;&lt;img src="http://www.fhoch3.peterliwiese.ch/8855_Wangen/img/054_Pic_1.jpg" style="max-height:200px;" /&gt;&lt;BR/&gt;&lt;img src="http://www.fhoch3.peterliwiese.ch/8855_Wangen/img/054_Pic_1.jpg" style="max-height:200px;" /&gt;|http://www.fhoch3.peterliwiese.ch/icons/HyderantNeuKlein.png|8.89219634974492,47.1858605215436
55|ff00ffff||||055_Pic_1.jpg||Neu||8.88405|47.19855|||&lt;BR/&gt;&lt;img src="http://www.fhoch3.peterliwiese.ch/8855_Wangen/img/055_Pic_1.jpg" style="max-height:200px;" /&gt;||&lt;BR/&gt;&lt;img src="http://www.fhoch3.peterliwiese.ch/8855_Wangen/img/055_Pic_1.jpg" style="max-height:200px;" /&gt;&lt;BR/&gt;&lt;img src="http://www.fhoch3.peterliwiese.ch/8855_Wangen/img/055_Pic_1.jpg" style="max-height:200px;" /&gt;|http://www.fhoch3.peterliwiese.ch/icons/HyderantNeuKlein.png|8.88405,47.19855
56|ff00ffff||||056_Pic_1.jpg||Neu||8.89630318731603|47.1832297881772|||&lt;BR/&gt;&lt;img src="http://www.fhoch3.peterliwiese.ch/8855_Wangen/img/056_Pic_1.jpg" style="max-height:200px;" /&gt;||&lt;BR/&gt;&lt;img src="http://www.fhoch3.peterliwiese.ch/8855_Wangen/img/056_Pic_1.jpg" style="max-height:200px;" /&gt;&lt;BR/&gt;&lt;img src="http://www.fhoch3.peterliwiese.ch/8855_Wangen/img/056_Pic_1.jpg" style="max-height:200px;" /&gt;|http://www.fhoch3.peterliwiese.ch/icons/HyderantNeuKlein.png|8.89630318731603,47.1832297881772
57|ff00ffff||||057_Pic_1.jpg||Alt||8.89532835314351|47.1835298578812|||&lt;BR/&gt;&lt;img src="http://www.fhoch3.peterliwiese.ch/8855_Wangen/img/057_Pic_1.jpg" style="max-height:200px;" /&gt;||&lt;BR/&gt;&lt;img src="http://www.fhoch3.peterliwiese.ch/8855_Wangen/img/057_Pic_1.jpg" style="max-height:200px;" /&gt;&lt;BR/&gt;&lt;img src="http://www.fhoch3.peterliwiese.ch/8855_Wangen/img/057_Pic_1.jpg" style="max-height:200px;" /&gt;|http://www.fhoch3.peterliwiese.ch/icons/HyderantAltKlein.png|8.89532835314351,47.1835298578812
58|ff00ffff||||058_Pic_1.jpg|058_Pic_2.jpg|Alt||8.89576213612676|47.1841276082219|||&lt;BR/&gt;&lt;img src="http://www.fhoch3.peterliwiese.ch/8855_Wangen/img/058_Pic_1.jpg" style="max-height:200px;" /&gt;|&lt;BR/&gt;&lt;img src="http://www.fhoch3.peterliwiese.ch/8855_Wangen/img/058_Pic_2.jpg" style="max-height:200px;" /&gt;|&lt;BR/&gt;&lt;img src="http://www.fhoch3.peterliwiese.ch/8855_Wangen/img/058_Pic_1.jpg" style="max-height:200px;" /&gt;&lt;BR/&gt;&lt;img src="http://www.fhoch3.peterliwiese.ch/8855_Wangen/img/058_Pic_1.jpg" style="max-height:200px;" /&gt;|http://www.fhoch3.peterliwiese.ch/icons/HyderantAltKlein.png|8.89576213612676,47.1841276082219
59|ff00ffff||||059_Pic_1.jpg||Alt||8.89657|47.18365|||&lt;BR/&gt;&lt;img src="http://www.fhoch3.peterliwiese.ch/8855_Wangen/img/059_Pic_1.jpg" style="max-height:200px;" /&gt;||&lt;BR/&gt;&lt;img src="http://www.fhoch3.peterliwiese.ch/8855_Wangen/img/059_Pic_1.jpg" style="max-height:200px;" /&gt;&lt;BR/&gt;&lt;img src="http://www.fhoch3.peterliwiese.ch/8855_Wangen/img/059_Pic_1.jpg" style="max-height:200px;" /&gt;|http://www.fhoch3.peterliwiese.ch/icons/HyderantAltKlein.png|8.89657,47.18365
60|ff00ffff||||060_Pic_1.jpg||Neu||8.8894463142129|47.1862019990808|||&lt;BR/&gt;&lt;img src="http://www.fhoch3.peterliwiese.ch/8855_Wangen/img/060_Pic_1.jpg" style="max-height:200px;" /&gt;||&lt;BR/&gt;&lt;img src="http://www.fhoch3.peterliwiese.ch/8855_Wangen/img/060_Pic_1.jpg" style="max-height:200px;" /&gt;&lt;BR/&gt;&lt;img src="http://www.fhoch3.peterliwiese.ch/8855_Wangen/img/060_Pic_1.jpg" style="max-height:200px;" /&gt;|http://www.fhoch3.peterliwiese.ch/icons/HyderantNeuKlein.png|8.8894463142129,47.1862019990808
61|ff00ffff||||061_Pic_1.jpg||Neu||8.89770305353472|47.1854012717172|||&lt;BR/&gt;&lt;img src="http://www.fhoch3.peterliwiese.ch/8855_Wangen/img/061_Pic_1.jpg" style="max-height:200px;" /&gt;||&lt;BR/&gt;&lt;img src="http://www.fhoch3.peterliwiese.ch/8855_Wangen/img/061_Pic_1.jpg" style="max-height:200px;" /&gt;&lt;BR/&gt;&lt;img src="http://www.fhoch3.peterliwiese.ch/8855_Wangen/img/061_Pic_1.jpg" style="max-height:200px;" /&gt;|http://www.fhoch3.peterliwiese.ch/icons/HyderantNeuKlein.png|8.89770305353472,47.1854012717172
62|ff00ffff||||062_Pic_1.jpg||Neu||8.89734322698992|47.1869397182175|||&lt;BR/&gt;&lt;img src="http://www.fhoch3.peterliwiese.ch/8855_Wangen/img/062_Pic_1.jpg" style="max-height:200px;" /&gt;||&lt;BR/&gt;&lt;img src="http://www.fhoch3.peterliwiese.ch/8855_Wangen/img/062_Pic_1.jpg" style="max-height:200px;" /&gt;&lt;BR/&gt;&lt;img src="http://www.fhoch3.peterliwiese.ch/8855_Wangen/img/062_Pic_1.jpg" style="max-height:200px;" /&gt;|http://www.fhoch3.peterliwiese.ch/icons/HyderantNeuKlein.png|8.89734322698992,47.1869397182175
63|ff00ffff||||063_Pic_1.jpg||Neu||8.89701166273173|47.1886726443484|||&lt;BR/&gt;&lt;img src="http://www.fhoch3.peterliwiese.ch/8855_Wangen/img/063_Pic_1.jpg" style="max-height:200px;" /&gt;||&lt;BR/&gt;&lt;img src="http://www.fhoch3.peterliwiese.ch/8855_Wangen/img/063_Pic_1.jpg" style="max-height:200px;" /&gt;&lt;BR/&gt;&lt;img src="http://www.fhoch3.peterliwiese.ch/8855_Wangen/img/063_Pic_1.jpg" style="max-height:200px;" /&gt;|http://www.fhoch3.peterliwiese.ch/icons/HyderantNeuKlein.png|8.89701166273173,47.1886726443484
64|ff00ffff|||Am Wegli zum Spar|064_Pic_1.jpg||Alt||8.89530535695295|47.1891514216867|| Am Wegli zum Spar|&lt;BR/&gt;&lt;img src="http://www.fhoch3.peterliwiese.ch/8855_Wangen/img/064_Pic_1.jpg" style="max-height:200px;" /&gt;|| Am Wegli zum Spar&lt;BR/&gt;&lt;img src="http://www.fhoch3.peterliwiese.ch/8855_Wangen/img/064_Pic_1.jpg" style="max-height:200px;" /&gt;&lt;BR/&gt;&lt;img src="http://www.fhoch3.peterliwiese.ch/8855_Wangen/img/064_Pic_1.jpg" style="max-height:200px;" /&gt;|http://www.fhoch3.peterliwiese.ch/icons/HyderantAltKlein.png|8.89530535695295,47.1891514216867
65|ff00ffff||||065_Pic_1.jpg||Neu||8.89689729100431|47.1895138142382|||&lt;BR/&gt;&lt;img src="http://www.fhoch3.peterliwiese.ch/8855_Wangen/img/065_Pic_1.jpg" style="max-height:200px;" /&gt;||&lt;BR/&gt;&lt;img src="http://www.fhoch3.peterliwiese.ch/8855_Wangen/img/065_Pic_1.jpg" style="max-height:200px;" /&gt;&lt;BR/&gt;&lt;img src="http://www.fhoch3.peterliwiese.ch/8855_Wangen/img/065_Pic_1.jpg" style="max-height:200px;" /&gt;|http://www.fhoch3.peterliwiese.ch/icons/HyderantNeuKlein.png|8.89689729100431,47.1895138142382
66|ff00ffff||||066_Pic_1.jpg||Alt||8.89620500595938|47.1904417335543|||&lt;BR/&gt;&lt;img src="http://www.fhoch3.peterliwiese.ch/8855_Wangen/img/066_Pic_1.jpg" style="max-height:200px;" /&gt;||&lt;BR/&gt;&lt;img src="http://www.fhoch3.peterliwiese.ch/8855_Wangen/img/066_Pic_1.jpg" style="max-height:200px;" /&gt;&lt;BR/&gt;&lt;img src="http://www.fhoch3.peterliwiese.ch/8855_Wangen/img/066_Pic_1.jpg" style="max-height:200px;" /&gt;|http://www.fhoch3.peterliwiese.ch/icons/HyderantAltKlein.png|8.89620500595938,47.1904417335543
67|ff00ffff||||067_Pic_1.jpg||Neu||8.89656607708584|47.191196095387|||&lt;BR/&gt;&lt;img src="http://www.fhoch3.peterliwiese.ch/8855_Wangen/img/067_Pic_1.jpg" style="max-height:200px;" /&gt;||&lt;BR/&gt;&lt;img src="http://www.fhoch3.peterliwiese.ch/8855_Wangen/img/067_Pic_1.jpg" style="max-height:200px;" /&gt;&lt;BR/&gt;&lt;img src="http://www.fhoch3.peterliwiese.ch/8855_Wangen/img/067_Pic_1.jpg" style="max-height:200px;" /&gt;|http://www.fhoch3.peterliwiese.ch/icons/HyderantNeuKlein.png|8.89656607708584,47.191196095387
68|ff00ffff||||068_Pic_1.jpg||Neu||8.90218921216037|47.190894699813|||&lt;BR/&gt;&lt;img src="http://www.fhoch3.peterliwiese.ch/8855_Wangen/img/068_Pic_1.jpg" style="max-height:200px;" /&gt;||&lt;BR/&gt;&lt;img src="http://www.fhoch3.peterliwiese.ch/8855_Wangen/img/068_Pic_1.jpg" style="max-height:200px;" /&gt;&lt;BR/&gt;&lt;img src="http://www.fhoch3.peterliwiese.ch/8855_Wangen/img/068_Pic_1.jpg" style="max-height:200px;" /&gt;|http://www.fhoch3.peterliwiese.ch/icons/HyderantNeuKlein.png|8.90218921216037,47.190894699813
69|ff00ffff||||069_Pic_1.jpg||Neu||8.90324294191648|47.191998630653|||&lt;BR/&gt;&lt;img src="http://www.fhoch3.peterliwiese.ch/8855_Wangen/img/069_Pic_1.jpg" style="max-height:200px;" /&gt;||&lt;BR/&gt;&lt;img src="http://www.fhoch3.peterliwiese.ch/8855_Wangen/img/069_Pic_1.jpg" style="max-height:200px;" /&gt;&lt;BR/&gt;&lt;img src="http://www.fhoch3.peterliwiese.ch/8855_Wangen/img/069_Pic_1.jpg" style="max-height:200px;" /&gt;|http://www.fhoch3.peterliwiese.ch/icons/HyderantNeuKlein.png|8.90324294191648,47.191998630653
70|ff00ffff||||070_Pic_1.jpg||Neu||8.88180235276085|47.1975432962995|||&lt;BR/&gt;&lt;img src="http://www.fhoch3.peterliwiese.ch/8855_Wangen/img/070_Pic_1.jpg" style="max-height:200px;" /&gt;||&lt;BR/&gt;&lt;img src="http://www.fhoch3.peterliwiese.ch/8855_Wangen/img/070_Pic_1.jpg" style="max-height:200px;" /&gt;&lt;BR/&gt;&lt;img src="http://www.fhoch3.peterliwiese.ch/8855_Wangen/img/070_Pic_1.jpg" style="max-height:200px;" /&gt;|http://www.fhoch3.peterliwiese.ch/icons/HyderantNeuKlein.png|8.88180235276085,47.1975432962995
71|ff00ffff||||071_Pic_1.jpg||Alt||8.89816053031352|47.1892288025946|||&lt;BR/&gt;&lt;img src="http://www.fhoch3.peterliwiese.ch/8855_Wangen/img/071_Pic_1.jpg" style="max-height:200px;" /&gt;||&lt;BR/&gt;&lt;img src="http://www.fhoch3.peterliwiese.ch/8855_Wangen/img/071_Pic_1.jpg" style="max-height:200px;" /&gt;&lt;BR/&gt;&lt;img src="http://www.fhoch3.peterliwiese.ch/8855_Wangen/img/071_Pic_1.jpg" style="max-height:200px;" /&gt;|http://www.fhoch3.peterliwiese.ch/icons/HyderantAltKlein.png|8.89816053031352,47.1892288025946
72|ff00ffff||||072_Pic_1.jpg||Alt||8.90144796138052|47.1881219019305|||&lt;BR/&gt;&lt;img src="http://www.fhoch3.peterliwiese.ch/8855_Wangen/img/072_Pic_1.jpg" style="max-height:200px;" /&gt;||&lt;BR/&gt;&lt;img src="http://www.fhoch3.peterliwiese.ch/8855_Wangen/img/072_Pic_1.jpg" style="max-height:200px;" /&gt;&lt;BR/&gt;&lt;img src="http://www.fhoch3.peterliwiese.ch/8855_Wangen/img/072_Pic_1.jpg" style="max-height:200px;" /&gt;|http://www.fhoch3.peterliwiese.ch/icons/HyderantAltKlein.png|8.90144796138052,47.1881219019305
73|ff00ffff|||3m zurueck von Strasse|073_Pic_1.jpg||Neu||8.90492|47.18667|| 3m zurueck von Strasse|&lt;BR/&gt;&lt;img src="http://www.fhoch3.peterliwiese.ch/8855_Wangen/img/073_Pic_1.jpg" style="max-height:200px;" /&gt;|| 3m zurueck von Strasse&lt;BR/&gt;&lt;img src="http://www.fhoch3.peterliwiese.ch/8855_Wangen/img/073_Pic_1.jpg" style="max-height:200px;" /&gt;&lt;BR/&gt;&lt;img src="http://www.fhoch3.peterliwiese.ch/8855_Wangen/img/073_Pic_1.jpg" style="max-height:200px;" /&gt;|http://www.fhoch3.peterliwiese.ch/icons/HyderantNeuKlein.png|8.90492,47.18667
74|ff00ffff||||074_Pic_1.jpg|074_Pic_2.jpg|Alt||8.9049096288858|47.1846944247516|||&lt;BR/&gt;&lt;img src="http://www.fhoch3.peterliwiese.ch/8855_Wangen/img/074_Pic_1.jpg" style="max-height:200px;" /&gt;|&lt;BR/&gt;&lt;img src="http://www.fhoch3.peterliwiese.ch/8855_Wangen/img/074_Pic_2.jpg" style="max-height:200px;" /&gt;|&lt;BR/&gt;&lt;img src="http://www.fhoch3.peterliwiese.ch/8855_Wangen/img/074_Pic_1.jpg" style="max-height:200px;" /&gt;&lt;BR/&gt;&lt;img src="http://www.fhoch3.peterliwiese.ch/8855_Wangen/img/074_Pic_1.jpg" style="max-height:200px;" /&gt;|http://www.fhoch3.peterliwiese.ch/icons/HyderantAltKlein.png|8.9049096288858,47.1846944247516
75|ff00ffff|||Angemalt im Wiesli zwischen Garageneinfahrt und Zopfstrasse|075_Pic_1.jpg||Alt||8.90968309550513|47.1857493621281|| Angemalt im Wiesli zwischen Garageneinfahrt und Zopfstrasse|&lt;BR/&gt;&lt;img src="http://www.fhoch3.peterliwiese.ch/8855_Wangen/img/075_Pic_1.jpg" style="max-height:200px;" /&gt;|| Angemalt im Wiesli zwischen Garageneinfahrt und Zopfstrasse&lt;BR/&gt;&lt;img src="http://www.fhoch3.peterliwiese.ch/8855_Wangen/img/075_Pic_1.jpg" style="max-height:200px;" /&gt;&lt;BR/&gt;&lt;img src="http://www.fhoch3.peterliwiese.ch/8855_Wangen/img/075_Pic_1.jpg" style="max-height:200px;" /&gt;|http://www.fhoch3.peterliwiese.ch/icons/HyderantAltKlein.png|8.90968309550513,47.1857493621281
77|ff00ffff||||077_Pic_1.jpg||Alt||8.90113339992606|47.1871175786565|||&lt;BR/&gt;&lt;img src="http://www.fhoch3.peterliwiese.ch/8855_Wangen/img/077_Pic_1.jpg" style="max-height:200px;" /&gt;||&lt;BR/&gt;&lt;img src="http://www.fhoch3.peterliwiese.ch/8855_Wangen/img/077_Pic_1.jpg" style="max-height:200px;" /&gt;&lt;BR/&gt;&lt;img src="http://www.fhoch3.peterliwiese.ch/8855_Wangen/img/077_Pic_1.jpg" style="max-height:200px;" /&gt;|http://www.fhoch3.peterliwiese.ch/icons/HyderantAltKlein.png|8.90113339992606,47.1871175786565
78|ff00ffff|||Hinter der Holzwand!!! |078_Pic_1.jpg|078_Pic_2.jpg|Neu||8.9026629064715|47.1861511148357|| Hinter der Holzwand!!! |&lt;BR/&gt;&lt;img src="http://www.fhoch3.peterliwiese.ch/8855_Wangen/img/078_Pic_1.jpg" style="max-height:200px;" /&gt;|&lt;BR/&gt;&lt;img src="http://www.fhoch3.peterliwiese.ch/8855_Wangen/img/078_Pic_2.jpg" style="max-height:200px;" /&gt;| Hinter der Holzwand!!! &lt;BR/&gt;&lt;img src="http://www.fhoch3.peterliwiese.ch/8855_Wangen/img/078_Pic_1.jpg" style="max-height:200px;" /&gt;&lt;BR/&gt;&lt;img src="http://www.fhoch3.peterliwiese.ch/8855_Wangen/img/078_Pic_1.jpg" style="max-height:200px;" /&gt;|http://www.fhoch3.peterliwiese.ch/icons/HyderantNeuKlein.png|8.9026629064715,47.1861511148357
79|ff00ffff||||079_Pic_1.jpg||Neu||8.89871336774527|47.1836804088915|||&lt;BR/&gt;&lt;img src="http://www.fhoch3.peterliwiese.ch/8855_Wangen/img/079_Pic_1.jpg" style="max-height:200px;" /&gt;||&lt;BR/&gt;&lt;img src="http://www.fhoch3.peterliwiese.ch/8855_Wangen/img/079_Pic_1.jpg" style="max-height:200px;" /&gt;&lt;BR/&gt;&lt;img src="http://www.fhoch3.peterliwiese.ch/8855_Wangen/img/079_Pic_1.jpg" style="max-height:200px;" /&gt;|http://www.fhoch3.peterliwiese.ch/icons/HyderantNeuKlein.png|8.89871336774527,47.1836804088915
80|ff00ffff||||080_Pic_1.jpg||Neu||8.90152075331353|47.1823404119036|||&lt;BR/&gt;&lt;img src="http://www.fhoch3.peterliwiese.ch/8855_Wangen/img/080_Pic_1.jpg" style="max-height:200px;" /&gt;||&lt;BR/&gt;&lt;img src="http://www.fhoch3.peterliwiese.ch/8855_Wangen/img/080_Pic_1.jpg" style="max-height:200px;" /&gt;&lt;BR/&gt;&lt;img src="http://www.fhoch3.peterliwiese.ch/8855_Wangen/img/080_Pic_1.jpg" style="max-height:200px;" /&gt;|http://www.fhoch3.peterliwiese.ch/icons/HyderantNeuKlein.png|8.90152075331353,47.1823404119036
82|ff00ffff||Bahnhofstrasse 61;WVS||082_Pic_1.jpg||Alt||8.89798004775285|47.1821953287222||Bahnhofstrasse 61;WVS|&lt;BR/&gt;&lt;img src="http://www.fhoch3.peterliwiese.ch/8855_Wangen/img/082_Pic_1.jpg" style="max-height:200px;" /&gt;||Bahnhofstrasse 61;WVS&lt;BR/&gt;&lt;img src="http://www.fhoch3.peterliwiese.ch/8855_Wangen/img/082_Pic_1.jpg" style="max-height:200px;" /&gt;&lt;BR/&gt;&lt;img src="http://www.fhoch3.peterliwiese.ch/8855_Wangen/img/082_Pic_1.jpg" style="max-height:200px;" /&gt;|http://www.fhoch3.peterliwiese.ch/icons/HyderantAltKlein.png|8.89798004775285,47.1821953287222
83|ff00ffff||Kreuzstrasse 14;WVS||083_Pic_1.jpg||Neu||8.89597511068714|47.1827065344717||Kreuzstrasse 14;WVS|&lt;BR/&gt;&lt;img src="http://www.fhoch3.peterliwiese.ch/8855_Wangen/img/083_Pic_1.jpg" style="max-height:200px;" /&gt;||Kreuzstrasse 14;WVS&lt;BR/&gt;&lt;img src="http://www.fhoch3.peterliwiese.ch/8855_Wangen/img/083_Pic_1.jpg" style="max-height:200px;" /&gt;&lt;BR/&gt;&lt;img src="http://www.fhoch3.peterliwiese.ch/8855_Wangen/img/083_Pic_1.jpg" style="max-height:200px;" /&gt;|http://www.fhoch3.peterliwiese.ch/icons/HyderantNeuKlein.png|8.89597511068714,47.1827065344717
84|ff00ffff||Guechhof;WVS||084_Pic_1.jpg||Neu||8.8933623761181|47.1831894030515||Guechhof;WVS|&lt;BR/&gt;&lt;img src="http://www.fhoch3.peterliwiese.ch/8855_Wangen/img/084_Pic_1.jpg" style="max-height:200px;" /&gt;||Guechhof;WVS&lt;BR/&gt;&lt;img src="http://www.fhoch3.peterliwiese.ch/8855_Wangen/img/084_Pic_1.jpg" style="max-height:200px;" /&gt;&lt;BR/&gt;&lt;img src="http://www.fhoch3.peterliwiese.ch/8855_Wangen/img/084_Pic_1.jpg" style="max-height:200px;" /&gt;|http://www.fhoch3.peterliwiese.ch/icons/HyderantNeuKlein.png|8.8933623761181,47.1831894030515
85|ff00ffff||Tostelweg 4;WVS||085_Pic_1.jpg||Alt||8.89109086801001|47.182147528656||Tostelweg 4;WVS|&lt;BR/&gt;&lt;img src="http://www.fhoch3.peterliwiese.ch/8855_Wangen/img/085_Pic_1.jpg" style="max-height:200px;" /&gt;||Tostelweg 4;WVS&lt;BR/&gt;&lt;img src="http://www.fhoch3.peterliwiese.ch/8855_Wangen/img/085_Pic_1.jpg" style="max-height:200px;" /&gt;&lt;BR/&gt;&lt;img src="http://www.fhoch3.peterliwiese.ch/8855_Wangen/img/085_Pic_1.jpg" style="max-height:200px;" /&gt;|http://www.fhoch3.peterliwiese.ch/icons/HyderantAltKlein.png|8.89109086801001,47.182147528656
86|ff00ffff||Unter Studen;WVS||086_Pic_1.jpg|086_Pic_2.jpg|Neu||8.89343011361183|47.1779166994362||Unter Studen;WVS|&lt;BR/&gt;&lt;img src="http://www.fhoch3.peterliwiese.ch/8855_Wangen/img/086_Pic_1.jpg" style="max-height:200px;" /&gt;|&lt;BR/&gt;&lt;img src="http://www.fhoch3.peterliwiese.ch/8855_Wangen/img/086_Pic_2.jpg" style="max-height:200px;" /&gt;|Unter Studen;WVS&lt;BR/&gt;&lt;img src="http://www.fhoch3.peterliwiese.ch/8855_Wangen/img/086_Pic_1.jpg" style="max-height:200px;" /&gt;&lt;BR/&gt;&lt;img src="http://www.fhoch3.peterliwiese.ch/8855_Wangen/img/086_Pic_1.jpg" style="max-height:200px;" /&gt;|http://www.fhoch3.peterliwiese.ch/icons/HyderantNeuKlein.png|8.89343011361183,47.1779166994362
87|ff00ffff||Unter Studen;WVS||087_Pic_1.jpg|087_Pic_2.jpg|Alt||8.89213851952354|47.1789406079477||Unter Studen;WVS|&lt;BR/&gt;&lt;img src="http://www.fhoch3.peterliwiese.ch/8855_Wangen/img/087_Pic_1.jpg" style="max-height:200px;" /&gt;|&lt;BR/&gt;&lt;img src="http://www.fhoch3.peterliwiese.ch/8855_Wangen/img/087_Pic_2.jpg" style="max-height:200px;" /&gt;|Unter Studen;WVS&lt;BR/&gt;&lt;img src="http://www.fhoch3.peterliwiese.ch/8855_Wangen/img/087_Pic_1.jpg" style="max-height:200px;" /&gt;&lt;BR/&gt;&lt;img src="http://www.fhoch3.peterliwiese.ch/8855_Wangen/img/087_Pic_1.jpg" style="max-height:200px;" /&gt;|http://www.fhoch3.peterliwiese.ch/icons/HyderantAltKlein.png|8.89213851952354,47.1789406079477
88|ff00ffff||Wiesenweg 12a;WVS||088_Pic_1.jpg||Alt||8.89494615115119|47.1773847341292||Wiesenweg 12a;WVS|&lt;BR/&gt;&lt;img src="http://www.fhoch3.peterliwiese.ch/8855_Wangen/img/088_Pic_1.jpg" style="max-height:200px;" /&gt;||Wiesenweg 12a;WVS&lt;BR/&gt;&lt;img src="http://www.fhoch3.peterliwiese.ch/8855_Wangen/img/088_Pic_1.jpg" style="max-height:200px;" /&gt;&lt;BR/&gt;&lt;img src="http://www.fhoch3.peterliwiese.ch/8855_Wangen/img/088_Pic_1.jpg" style="max-height:200px;" /&gt;|http://www.fhoch3.peterliwiese.ch/icons/HyderantAltKlein.png|8.89494615115119,47.1773847341292
89|ff00ffff||Bahnhofstrasse 49;WVS||089_Pic_1.jpg||Alt||8.89765227307438|47.1803372430749||Bahnhofstrasse 49;WVS|&lt;BR/&gt;&lt;img src="http://www.fhoch3.peterliwiese.ch/8855_Wangen/img/089_Pic_1.jpg" style="max-height:200px;" /&gt;||Bahnhofstrasse 49;WVS&lt;BR/&gt;&lt;img src="http://www.fhoch3.peterliwiese.ch/8855_Wangen/img/089_Pic_1.jpg" style="max-height:200px;" /&gt;&lt;BR/&gt;&lt;img src="http://www.fhoch3.peterliwiese.ch/8855_Wangen/img/089_Pic_1.jpg" style="max-height:200px;" /&gt;|http://www.fhoch3.peterliwiese.ch/icons/HyderantAltKlein.png|8.89765227307438,47.1803372430749
90|ff00ffff||Maihofstrasse 2;WVS||090_Pic_1.jpg||Alt||8.89551144230932|47.178763015247||Maihofstrasse 2;WVS|&lt;BR/&gt;&lt;img src="http://www.fhoch3.peterliwiese.ch/8855_Wangen/img/090_Pic_1.jpg" style="max-height:200px;" /&gt;||Maihofstrasse 2;WVS&lt;BR/&gt;&lt;img src="http://www.fhoch3.peterliwiese.ch/8855_Wangen/img/090_Pic_1.jpg" style="max-height:200px;" /&gt;&lt;BR/&gt;&lt;img src="http://www.fhoch3.peterliwiese.ch/8855_Wangen/img/090_Pic_1.jpg" style="max-height:200px;" /&gt;|http://www.fhoch3.peterliwiese.ch/icons/HyderantAltKlein.png|8.89551144230932,47.178763015247
91|ff00ffff||Bahnhofstrasse 31;WVS||091_Pic_1.jpg||Neu||8.89785254402782|47.1780046521825||Bahnhofstrasse 31;WVS|&lt;BR/&gt;&lt;img src="http://www.fhoch3.peterliwiese.ch/8855_Wangen/img/091_Pic_1.jpg" style="max-height:200px;" /&gt;||Bahnhofstrasse 31;WVS&lt;BR/&gt;&lt;img src="http://www.fhoch3.peterliwiese.ch/8855_Wangen/img/091_Pic_1.jpg" style="max-height:200px;" /&gt;&lt;BR/&gt;&lt;img src="http://www.fhoch3.peterliwiese.ch/8855_Wangen/img/091_Pic_1.jpg" style="max-height:200px;" /&gt;|http://www.fhoch3.peterliwiese.ch/icons/HyderantNeuKlein.png|8.89785254402782,47.1780046521825
92|ff00ffff||Althof 15;WVS||092_Pic_1.jpg||Neu||8.89882312257688|47.1792428333822||Althof 15;WVS|&lt;BR/&gt;&lt;img src="http://www.fhoch3.peterliwiese.ch/8855_Wangen/img/092_Pic_1.jpg" style="max-height:200px;" /&gt;||Althof 15;WVS&lt;BR/&gt;&lt;img src="http://www.fhoch3.peterliwiese.ch/8855_Wangen/img/092_Pic_1.jpg" style="max-height:200px;" /&gt;&lt;BR/&gt;&lt;img src="http://www.fhoch3.peterliwiese.ch/8855_Wangen/img/092_Pic_1.jpg" style="max-height:200px;" /&gt;|http://www.fhoch3.peterliwiese.ch/icons/HyderantNeuKlein.png|8.89882312257688,47.1792428333822
93|ff00ffff||Bahnhofstrasse 43;WVS||093_Pic_1.jpg||Neu||8.89774106043464|47.1792385642815||Bahnhofstrasse 43;WVS|&lt;BR/&gt;&lt;img src="http://www.fhoch3.peterliwiese.ch/8855_Wangen/img/093_Pic_1.jpg" style="max-height:200px;" /&gt;||Bahnhofstrasse 43;WVS&lt;BR/&gt;&lt;img src="http://www.fhoch3.peterliwiese.ch/8855_Wangen/img/093_Pic_1.jpg" style="max-height:200px;" /&gt;&lt;BR/&gt;&lt;img src="http://www.fhoch3.peterliwiese.ch/8855_Wangen/img/093_Pic_1.jpg" style="max-height:200px;" /&gt;|http://www.fhoch3.peterliwiese.ch/icons/HyderantNeuKlein.png|8.89774106043464,47.1792385642815
94|ff00ffff||Aabaechliweg 2;WVS||094_Pic_1.jpg||Alt||8.89848466420557|47.1798948635384||Aabaechliweg 2;WVS|&lt;BR/&gt;&lt;img src="http://www.fhoch3.peterliwiese.ch/8855_Wangen/img/094_Pic_1.jpg" style="max-height:200px;" /&gt;||Aabaechliweg 2;WVS&lt;BR/&gt;&lt;img src="http://www.fhoch3.peterliwiese.ch/8855_Wangen/img/094_Pic_1.jpg" style="max-height:200px;" /&gt;&lt;BR/&gt;&lt;img src="http://www.fhoch3.peterliwiese.ch/8855_Wangen/img/094_Pic_1.jpg" style="max-height:200px;" /&gt;|http://www.fhoch3.peterliwiese.ch/icons/HyderantAltKlein.png|8.89848466420557,47.1798948635384
95|ff00ffff||Weidweg 6;WVS||095_Pic_1.jpg||Alt||8.89937239637328|47.1805133435787||Weidweg 6;WVS|&lt;BR/&gt;&lt;img src="http://www.fhoch3.peterliwiese.ch/8855_Wangen/img/095_Pic_1.jpg" style="max-height:200px;" /&gt;||Weidweg 6;WVS&lt;BR/&gt;&lt;img src="http://www.fhoch3.peterliwiese.ch/8855_Wangen/img/095_Pic_1.jpg" style="max-height:200px;" /&gt;&lt;BR/&gt;&lt;img src="http://www.fhoch3.peterliwiese.ch/8855_Wangen/img/095_Pic_1.jpg" style="max-height:200px;" /&gt;|http://www.fhoch3.peterliwiese.ch/icons/HyderantAltKlein.png|8.89937239637328,47.1805133435787
96|ff00ffff||Weidweg 12;WVS||096_Pic_1.jpg||Alt||8.89870301385181|47.1816103941837||Weidweg 12;WVS|&lt;BR/&gt;&lt;img src="http://www.fhoch3.peterliwiese.ch/8855_Wangen/img/096_Pic_1.jpg" style="max-height:200px;" /&gt;||Weidweg 12;WVS&lt;BR/&gt;&lt;img src="http://www.fhoch3.peterliwiese.ch/8855_Wangen/img/096_Pic_1.jpg" style="max-height:200px;" /&gt;&lt;BR/&gt;&lt;img src="http://www.fhoch3.peterliwiese.ch/8855_Wangen/img/096_Pic_1.jpg" style="max-height:200px;" /&gt;|http://www.fhoch3.peterliwiese.ch/icons/HyderantAltKlein.png|8.89870301385181,47.1816103941837
97|ff00ffff||Weidweg;WVS||097_Pic_1.jpg||Neu||8.90023745391084|47.1812670499946||Weidweg;WVS|&lt;BR/&gt;&lt;img src="http://www.fhoch3.peterliwiese.ch/8855_Wangen/img/097_Pic_1.jpg" style="max-height:200px;" /&gt;||Weidweg;WVS&lt;BR/&gt;&lt;img src="http://www.fhoch3.peterliwiese.ch/8855_Wangen/img/097_Pic_1.jpg" style="max-height:200px;" /&gt;&lt;BR/&gt;&lt;img src="http://www.fhoch3.peterliwiese.ch/8855_Wangen/img/097_Pic_1.jpg" style="max-height:200px;" /&gt;|http://www.fhoch3.peterliwiese.ch/icons/HyderantNeuKlein.png|8.90023745391084,47.1812670499946
98|ff00ffff||Amselweg 2;WVS||098_Pic_1.jpg||Neu||8.90123393568792|47.1805526763123||Amselweg 2;WVS|&lt;BR/&gt;&lt;img src="http://www.fhoch3.peterliwiese.ch/8855_Wangen/img/098_Pic_1.jpg" style="max-height:200px;" /&gt;||Amselweg 2;WVS&lt;BR/&gt;&lt;img src="http://www.fhoch3.peterliwiese.ch/8855_Wangen/img/098_Pic_1.jpg" style="max-height:200px;" /&gt;&lt;BR/&gt;&lt;img src="http://www.fhoch3.peterliwiese.ch/8855_Wangen/img/098_Pic_1.jpg" style="max-height:200px;" /&gt;|http://www.fhoch3.peterliwiese.ch/icons/HyderantNeuKlein.png|8.90123393568792,47.1805526763123
99|ff00ffff||Unterer Althof 10;WVS||099_Pic_1.jpg||Alt||8.90261580722481|47.1809039571773||Unterer Althof 10;WVS|&lt;BR/&gt;&lt;img src="http://www.fhoch3.peterliwiese.ch/8855_Wangen/img/099_Pic_1.jpg" style="max-height:200px;" /&gt;||Unterer Althof 10;WVS&lt;BR/&gt;&lt;img src="http://www.fhoch3.peterliwiese.ch/8855_Wangen/img/099_Pic_1.jpg" style="max-height:200px;" /&gt;&lt;BR/&gt;&lt;img src="http://www.fhoch3.peterliwiese.ch/8855_Wangen/img/099_Pic_1.jpg" style="max-height:200px;" /&gt;|http://www.fhoch3.peterliwiese.ch/icons/HyderantAltKlein.png|8.90261580722481,47.1809039571773
100|ff00ffff|||Zwischen &lt;a target="_blank" href="http://www.feuerwehr-wangen.ch"&gt;Hecke&lt;/a&gt; und Raeucherofen zurueckversetzt!!!|100_Pic_1.jpg||Alt||8.88912|47.18281|| Zwischen &lt;a target="_blank" href="http://www.feuerwehr-wangen.ch"&gt;Hecke&lt;/a&gt; und Raeucherofen zurueckversetzt!!!|&lt;BR/&gt;&lt;img src="http://www.fhoch3.peterliwiese.ch/8855_Wangen/img/100_Pic_1.jpg" style="max-height:200px;" /&gt;|| Zwischen &lt;a target="_blank" href="http://www.feuerwehr-wangen.ch"&gt;Hecke&lt;/a&gt; und Raeucherofen zurueckversetzt!!!&lt;BR/&gt;&lt;img src="http://www.fhoch3.peterliwiese.ch/8855_Wangen/img/100_Pic_1.jpg" style="max-height:200px;" /&gt;&lt;BR/&gt;&lt;img src="http://www.fhoch3.peterliwiese.ch/8855_Wangen/img/100_Pic_1.jpg" style="max-height:200px;" /&gt;|http://www.fhoch3.peterliwiese.ch/icons/HyderantAltKlein.png|8.88912,47.18281
101|ff00ffff||||101_Pic_1.jpg||Alt||8.88976126719413|47.1810915221087|||&lt;BR/&gt;&lt;img src="http://www.fhoch3.peterliwiese.ch/8855_Wangen/img/101_Pic_1.jpg" style="max-height:200px;" /&gt;||&lt;BR/&gt;&lt;img src="http://www.fhoch3.peterliwiese.ch/8855_Wangen/img/101_Pic_1.jpg" style="max-height:200px;" /&gt;&lt;BR/&gt;&lt;img src="http://www.fhoch3.peterliwiese.ch/8855_Wangen/img/101_Pic_1.jpg" style="max-height:200px;" /&gt;|http://www.fhoch3.peterliwiese.ch/icons/HyderantAltKlein.png|8.88976126719413,47.1810915221087
102|ff00ffff||Fabrikstrasse 21h;WVS||102_Pic_1.jpg|102_Pic_2.jpg|Neu||8.89430742972853|47.1771858991727||Fabrikstrasse 21h;WVS|&lt;BR/&gt;&lt;img src="http://www.fhoch3.peterliwiese.ch/8855_Wangen/img/102_Pic_1.jpg" style="max-height:200px;" /&gt;|&lt;BR/&gt;&lt;img src="http://www.fhoch3.peterliwiese.ch/8855_Wangen/img/102_Pic_2.jpg" style="max-height:200px;" /&gt;|Fabrikstrasse 21h;WVS&lt;BR/&gt;&lt;img src="http://www.fhoch3.peterliwiese.ch/8855_Wangen/img/102_Pic_1.jpg" style="max-height:200px;" /&gt;&lt;BR/&gt;&lt;img src="http://www.fhoch3.peterliwiese.ch/8855_Wangen/img/102_Pic_1.jpg" style="max-height:200px;" /&gt;|http://www.fhoch3.peterliwiese.ch/icons/HyderantNeuKlein.png|8.89430742972853,47.1771858991727
103|ff00ffff||Fabrikstrasse 11;WVS||103_Pic_1.jpg|103_Pic_2.jpg|Neu||8.89571323360773|47.1759985846823||Fabrikstrasse 11;WVS|&lt;BR/&gt;&lt;img src="http://www.fhoch3.peterliwiese.ch/8855_Wangen/img/103_Pic_1.jpg" style="max-height:200px;" /&gt;|&lt;BR/&gt;&lt;img src="http://www.fhoch3.peterliwiese.ch/8855_Wangen/img/103_Pic_2.jpg" style="max-height:200px;" /&gt;|Fabrikstrasse 11;WVS&lt;BR/&gt;&lt;img src="http://www.fhoch3.peterliwiese.ch/8855_Wangen/img/103_Pic_1.jpg" style="max-height:200px;" /&gt;&lt;BR/&gt;&lt;img src="http://www.fhoch3.peterliwiese.ch/8855_Wangen/img/103_Pic_1.jpg" style="max-height:200px;" /&gt;|http://www.fhoch3.peterliwiese.ch/icons/HyderantNeuKlein.png|8.89571323360773,47.1759985846823
104|ff00ffff||Zuegerdoerflistrasse 21;WVS||104_Pic_1.jpg|104_Pic_2.jpg|Neu||8.89371396178666|47.1786508102276||Zuegerdoerflistrasse 21;WVS|&lt;BR/&gt;&lt;img src="http://www.fhoch3.peterliwiese.ch/8855_Wangen/img/104_Pic_1.jpg" style="max-height:200px;" /&gt;|&lt;BR/&gt;&lt;img src="http://www.fhoch3.peterliwiese.ch/8855_Wangen/img/104_Pic_2.jpg" style="max-height:200px;" /&gt;|Zuegerdoerflistrasse 21;WVS&lt;BR/&gt;&lt;img src="http://www.fhoch3.peterliwiese.ch/8855_Wangen/img/104_Pic_1.jpg" style="max-height:200px;" /&gt;&lt;BR/&gt;&lt;img src="http://www.fhoch3.peterliwiese.ch/8855_Wangen/img/104_Pic_1.jpg" style="max-height:200px;" /&gt;|http://www.fhoch3.peterliwiese.ch/icons/HyderantNeuKlein.png|8.89371396178666,47.1786508102276
105|ff00ffff||Unterwydenhof;WVS||105_Pic_1.jpg||Neu||8.89099534682592|47.1830033841727||Unterwydenhof;WVS|&lt;BR/&gt;&lt;img src="http://www.fhoch3.peterliwiese.ch/8855_Wangen/img/105_Pic_1.jpg" style="max-height:200px;" /&gt;||Unterwydenhof;WVS&lt;BR/&gt;&lt;img src="http://www.fhoch3.peterliwiese.ch/8855_Wangen/img/105_Pic_1.jpg" style="max-height:200px;" /&gt;&lt;BR/&gt;&lt;img src="http://www.fhoch3.peterliwiese.ch/8855_Wangen/img/105_Pic_1.jpg" style="max-height:200px;" /&gt;|http://www.fhoch3.peterliwiese.ch/icons/HyderantNeuKlein.png|8.89099534682592,47.1830033841727
106|ff00ffff||||106_Pic_1.jpg||Neu||8.89507126939604|47.1902636033273|||&lt;BR/&gt;&lt;img src="http://www.fhoch3.peterliwiese.ch/8855_Wangen/img/106_Pic_1.jpg" style="max-height:200px;" /&gt;||&lt;BR/&gt;&lt;img src="http://www.fhoch3.peterliwiese.ch/8855_Wangen/img/106_Pic_1.jpg" style="max-height:200px;" /&gt;&lt;BR/&gt;&lt;img src="http://www.fhoch3.peterliwiese.ch/8855_Wangen/img/106_Pic_1.jpg" style="max-height:200px;" /&gt;|http://www.fhoch3.peterliwiese.ch/icons/HyderantNeuKlein.png|8.89507126939604,47.1902636033273
107|ff00ffff||||107_Pic_1.jpg||Neu||8.89089001615371|47.1941673253119|||&lt;BR/&gt;&lt;img src="http://www.fhoch3.peterliwiese.ch/8855_Wangen/img/107_Pic_1.jpg" style="max-height:200px;" /&gt;||&lt;BR/&gt;&lt;img src="http://www.fhoch3.peterliwiese.ch/8855_Wangen/img/107_Pic_1.jpg" style="max-height:200px;" /&gt;&lt;BR/&gt;&lt;img src="http://www.fhoch3.peterliwiese.ch/8855_Wangen/img/107_Pic_1.jpg" style="max-height:200px;" /&gt;|http://www.fhoch3.peterliwiese.ch/icons/HyderantNeuKlein.png|8.89089001615371,47.1941673253119
108|ff00ffff||||108_Pic_1.jpg||Neu||8.88554013585568|47.1964360006402|||&lt;BR/&gt;&lt;img src="http://www.fhoch3.peterliwiese.ch/8855_Wangen/img/108_Pic_1.jpg" style="max-height:200px;" /&gt;||&lt;BR/&gt;&lt;img src="http://www.fhoch3.peterliwiese.ch/8855_Wangen/img/108_Pic_1.jpg" style="max-height:200px;" /&gt;&lt;BR/&gt;&lt;img src="http://www.fhoch3.peterliwiese.ch/8855_Wangen/img/108_Pic_1.jpg" style="max-height:200px;" /&gt;|http://www.fhoch3.peterliwiese.ch/icons/HyderantNeuKlein.png|8.88554013585568,47.1964360006402
109|ff00ffff||||109_Pic_1.jpg||Neu||8.88283431629387|47.1934078056543|||&lt;BR/&gt;&lt;img src="http://www.fhoch3.peterliwiese.ch/8855_Wangen/img/109_Pic_1.jpg" style="max-height:200px;" /&gt;||&lt;BR/&gt;&lt;img src="http://www.fhoch3.peterliwiese.ch/8855_Wangen/img/109_Pic_1.jpg" style="max-height:200px;" /&gt;&lt;BR/&gt;&lt;img src="http://www.fhoch3.peterliwiese.ch/8855_Wangen/img/109_Pic_1.jpg" style="max-height:200px;" /&gt;|http://www.fhoch3.peterliwiese.ch/icons/HyderantNeuKlein.png|8.88283431629387,47.1934078056543
110|ff00ffff||||110_Pic_1.jpg||Neu||8.87372930384047|47.1923523592773|||&lt;BR/&gt;&lt;img src="http://www.fhoch3.peterliwiese.ch/8855_Wangen/img/110_Pic_1.jpg" style="max-height:200px;" /&gt;||&lt;BR/&gt;&lt;img src="http://www.fhoch3.peterliwiese.ch/8855_Wangen/img/110_Pic_1.jpg" style="max-height:200px;" /&gt;&lt;BR/&gt;&lt;img src="http://www.fhoch3.peterliwiese.ch/8855_Wangen/img/110_Pic_1.jpg" style="max-height:200px;" /&gt;|http://www.fhoch3.peterliwiese.ch/icons/HyderantNeuKlein.png|8.87372930384047,47.1923523592773
111|ff00ffff||||111_Pic_1.jpg||Neu||8.88031223815721|47.1965419107561|||&lt;BR/&gt;&lt;img src="http://www.fhoch3.peterliwiese.ch/8855_Wangen/img/111_Pic_1.jpg" style="max-height:200px;" /&gt;||&lt;BR/&gt;&lt;img src="http://www.fhoch3.peterliwiese.ch/8855_Wangen/img/111_Pic_1.jpg" style="max-height:200px;" /&gt;&lt;BR/&gt;&lt;img src="http://www.fhoch3.peterliwiese.ch/8855_Wangen/img/111_Pic_1.jpg" style="max-height:200px;" /&gt;|http://www.fhoch3.peterliwiese.ch/icons/HyderantNeuKlein.png|8.88031223815721,47.1965419107561
112|ff00ffff||||112_Pic_1.jpg||Neu||8.89605779390958|47.1959874804401|||&lt;BR/&gt;&lt;img src="http://www.fhoch3.peterliwiese.ch/8855_Wangen/img/112_Pic_1.jpg" style="max-height:200px;" /&gt;||&lt;BR/&gt;&lt;img src="http://www.fhoch3.peterliwiese.ch/8855_Wangen/img/112_Pic_1.jpg" style="max-height:200px;" /&gt;&lt;BR/&gt;&lt;img src="http://www.fhoch3.peterliwiese.ch/8855_Wangen/img/112_Pic_1.jpg" style="max-height:200px;" /&gt;|http://www.fhoch3.peterliwiese.ch/icons/HyderantNeuKlein.png|8.89605779390958,47.1959874804401
113|ff00ffff||||113_Pic_1.jpg||Neu||8.89756268471665|47.1963287383174|||&lt;BR/&gt;&lt;img src="http://www.fhoch3.peterliwiese.ch/8855_Wangen/img/113_Pic_1.jpg" style="max-height:200px;" /&gt;||&lt;BR/&gt;&lt;img src="http://www.fhoch3.peterliwiese.ch/8855_Wangen/img/113_Pic_1.jpg" style="max-height:200px;" /&gt;&lt;BR/&gt;&lt;img src="http://www.fhoch3.peterliwiese.ch/8855_Wangen/img/113_Pic_1.jpg" style="max-height:200px;" /&gt;|http://www.fhoch3.peterliwiese.ch/icons/HyderantNeuKlein.png|8.89756268471665,47.1963287383174
114|ff00ffff||||114_Pic_1.jpg||Neu||8.90602500010702|47.1950008692419|||&lt;BR/&gt;&lt;img src="http://www.fhoch3.peterliwiese.ch/8855_Wangen/img/114_Pic_1.jpg" style="max-height:200px;" /&gt;||&lt;BR/&gt;&lt;img src="http://www.fhoch3.peterliwiese.ch/8855_Wangen/img/114_Pic_1.jpg" style="max-height:200px;" /&gt;&lt;BR/&gt;&lt;img src="http://www.fhoch3.peterliwiese.ch/8855_Wangen/img/114_Pic_1.jpg" style="max-height:200px;" /&gt;|http://www.fhoch3.peterliwiese.ch/icons/HyderantNeuKlein.png|8.90602500010702,47.1950008692419
115|ff00ffff||||115_Pic_1.jpg||Neu||8.90867089983273|47.1936813284935|||&lt;BR/&gt;&lt;img src="http://www.fhoch3.peterliwiese.ch/8855_Wangen/img/115_Pic_1.jpg" style="max-height:200px;" /&gt;||&lt;BR/&gt;&lt;img src="http://www.fhoch3.peterliwiese.ch/8855_Wangen/img/115_Pic_1.jpg" style="max-height:200px;" /&gt;&lt;BR/&gt;&lt;img src="http://www.fhoch3.peterliwiese.ch/8855_Wangen/img/115_Pic_1.jpg" style="max-height:200px;" /&gt;|http://www.fhoch3.peterliwiese.ch/icons/HyderantNeuKlein.png|8.90867089983273,47.1936813284935
116|ff00ffff||||116_Pic_1.jpg||Neu||8.90258129523176|47.1874244154796|||&lt;BR/&gt;&lt;img src="http://www.fhoch3.peterliwiese.ch/8855_Wangen/img/116_Pic_1.jpg" style="max-height:200px;" /&gt;||&lt;BR/&gt;&lt;img src="http://www.fhoch3.peterliwiese.ch/8855_Wangen/img/116_Pic_1.jpg" style="max-height:200px;" /&gt;&lt;BR/&gt;&lt;img src="http://www.fhoch3.peterliwiese.ch/8855_Wangen/img/116_Pic_1.jpg" style="max-height:200px;" /&gt;|http://www.fhoch3.peterliwiese.ch/icons/HyderantNeuKlein.png|8.90258129523176,47.1874244154796
117|ff00ffff||||117_Pic_1.jpg||Neu||8.90178704007087|47.1883410097268|||&lt;BR/&gt;&lt;img src="http://www.fhoch3.peterliwiese.ch/8855_Wangen/img/117_Pic_1.jpg" style="max-height:200px;" /&gt;||&lt;BR/&gt;&lt;img src="http://www.fhoch3.peterliwiese.ch/8855_Wangen/img/117_Pic_1.jpg" style="max-height:200px;" /&gt;&lt;BR/&gt;&lt;img src="http://www.fhoch3.peterliwiese.ch/8855_Wangen/img/117_Pic_1.jpg" style="max-height:200px;" /&gt;|http://www.fhoch3.peterliwiese.ch/icons/HyderantNeuKlein.png|8.90178704007087,47.1883410097268
118|ff00ffff||Steinmuehle 4;WVS||118_Pic_1.jpg||Neu||8.90316269760881|47.1796734960243||Steinmuehle 4;WVS|&lt;BR/&gt;&lt;img src="http://www.fhoch3.peterliwiese.ch/8855_Wangen/img/118_Pic_1.jpg" style="max-height:200px;" /&gt;||Steinmuehle 4;WVS&lt;BR/&gt;&lt;img src="http://www.fhoch3.peterliwiese.ch/8855_Wangen/img/118_Pic_1.jpg" style="max-height:200px;" /&gt;&lt;BR/&gt;&lt;img src="http://www.fhoch3.peterliwiese.ch/8855_Wangen/img/118_Pic_1.jpg" style="max-height:200px;" /&gt;|http://www.fhoch3.peterliwiese.ch/icons/HyderantNeuKlein.png|8.90316269760881,47.1796734960243
119|ff00ffff||||119_Pic_1.jpg||Neu||8.89703952787589|47.1881487944117|||&lt;BR/&gt;&lt;img src="http://www.fhoch3.peterliwiese.ch/8855_Wangen/img/119_Pic_1.jpg" style="max-height:200px;" /&gt;||&lt;BR/&gt;&lt;img src="http://www.fhoch3.peterliwiese.ch/8855_Wangen/img/119_Pic_1.jpg" style="max-height:200px;" /&gt;&lt;BR/&gt;&lt;img src="http://www.fhoch3.peterliwiese.ch/8855_Wangen/img/119_Pic_1.jpg" style="max-height:200px;" /&gt;|http://www.fhoch3.peterliwiese.ch/icons/HyderantNeuKlein.png|8.89703952787589,47.1881487944117
120|ff00ffff||||120_Pic_1.jpg||Neu||8.87752660860441|47.1955366620742|||&lt;BR/&gt;&lt;img src="http://www.fhoch3.peterliwiese.ch/8855_Wangen/img/120_Pic_1.jpg" style="max-height:200px;" /&gt;||&lt;BR/&gt;&lt;img src="http://www.fhoch3.peterliwiese.ch/8855_Wangen/img/120_Pic_1.jpg" style="max-height:200px;" /&gt;&lt;BR/&gt;&lt;img src="http://www.fhoch3.peterliwiese.ch/8855_Wangen/img/120_Pic_1.jpg" style="max-height:200px;" /&gt;|http://www.fhoch3.peterliwiese.ch/icons/HyderantNeuKlein.png|8.87752660860441,47.1955366620742
121|ff00ffff||||121_Pic_1.jpg||Neu||8.8776328882395|47.1942558102839|||&lt;BR/&gt;&lt;img src="http://www.fhoch3.peterliwiese.ch/8855_Wangen/img/121_Pic_1.jpg" style="max-height:200px;" /&gt;||&lt;BR/&gt;&lt;img src="http://www.fhoch3.peterliwiese.ch/8855_Wangen/img/121_Pic_1.jpg" style="max-height:200px;" /&gt;&lt;BR/&gt;&lt;img src="http://www.fhoch3.peterliwiese.ch/8855_Wangen/img/121_Pic_1.jpg" style="max-height:200px;" /&gt;|http://www.fhoch3.peterliwiese.ch/icons/HyderantNeuKlein.png|8.8776328882395,47.1942558102839
122|ff00ffff||||122_Pic_1.jpg||Neu||8.8763|47.19447|||&lt;BR/&gt;&lt;img src="http://www.fhoch3.peterliwiese.ch/8855_Wangen/img/122_Pic_1.jpg" style="max-height:200px;" /&gt;||&lt;BR/&gt;&lt;img src="http://www.fhoch3.peterliwiese.ch/8855_Wangen/img/122_Pic_1.jpg" style="max-height:200px;" /&gt;&lt;BR/&gt;&lt;img src="http://www.fhoch3.peterliwiese.ch/8855_Wangen/img/122_Pic_1.jpg" style="max-height:200px;" /&gt;|http://www.fhoch3.peterliwiese.ch/icons/HyderantNeuKlein.png|8.8763,47.19447
123|ff00ffff||||123_Pic_1.jpg||Neu||8.87494|47.19526|||&lt;BR/&gt;&lt;img src="http://www.fhoch3.peterliwiese.ch/8855_Wangen/img/123_Pic_1.jpg" style="max-height:200px;" /&gt;||&lt;BR/&gt;&lt;img src="http://www.fhoch3.peterliwiese.ch/8855_Wangen/img/123_Pic_1.jpg" style="max-height:200px;" /&gt;&lt;BR/&gt;&lt;img src="http://www.fhoch3.peterliwiese.ch/8855_Wangen/img/123_Pic_1.jpg" style="max-height:200px;" /&gt;|http://www.fhoch3.peterliwiese.ch/icons/HyderantNeuKlein.png|8.87494,47.19526
124|ff00ffff||||124_Pic_1.jpg||Neu||8.88644|47.19975|||&lt;BR/&gt;&lt;img src="http://www.fhoch3.peterliwiese.ch/8855_Wangen/img/124_Pic_1.jpg" style="max-height:200px;" /&gt;||&lt;BR/&gt;&lt;img src="http://www.fhoch3.peterliwiese.ch/8855_Wangen/img/124_Pic_1.jpg" style="max-height:200px;" /&gt;&lt;BR/&gt;&lt;img src="http://www.fhoch3.peterliwiese.ch/8855_Wangen/img/124_Pic_1.jpg" style="max-height:200px;" /&gt;|http://www.fhoch3.peterliwiese.ch/icons/HyderantNeuKlein.png|8.88644,47.19975
125|ff00ffff||||125_Pic_1.jpg||Neu||8.8871713738924|47.19991178961|||&lt;BR/&gt;&lt;img src="http://www.fhoch3.peterliwiese.ch/8855_Wangen/img/125_Pic_1.jpg" style="max-height:200px;" /&gt;||&lt;BR/&gt;&lt;img src="http://www.fhoch3.peterliwiese.ch/8855_Wangen/img/125_Pic_1.jpg" style="max-height:200px;" /&gt;&lt;BR/&gt;&lt;img src="http://www.fhoch3.peterliwiese.ch/8855_Wangen/img/125_Pic_1.jpg" style="max-height:200px;" /&gt;|http://www.fhoch3.peterliwiese.ch/icons/HyderantNeuKlein.png|8.8871713738924,47.19991178961
126|ff00ffff||||126_Pic_1.jpg||Neu||8.88686882361511|47.1992690149059|||&lt;BR/&gt;&lt;img src="http://www.fhoch3.peterliwiese.ch/8855_Wangen/img/126_Pic_1.jpg" style="max-height:200px;" /&gt;||&lt;BR/&gt;&lt;img src="http://www.fhoch3.peterliwiese.ch/8855_Wangen/img/126_Pic_1.jpg" style="max-height:200px;" /&gt;&lt;BR/&gt;&lt;img src="http://www.fhoch3.peterliwiese.ch/8855_Wangen/img/126_Pic_1.jpg" style="max-height:200px;" /&gt;|http://www.fhoch3.peterliwiese.ch/icons/HyderantNeuKlein.png|8.88686882361511,47.1992690149059
127|ff00ffff||||127_Pic_1.jpg||Neu||8.89744|47.18832|||&lt;BR/&gt;&lt;img src="http://www.fhoch3.peterliwiese.ch/8855_Wangen/img/127_Pic_1.jpg" style="max-height:200px;" /&gt;||&lt;BR/&gt;&lt;img src="http://www.fhoch3.peterliwiese.ch/8855_Wangen/img/127_Pic_1.jpg" style="max-height:200px;" /&gt;&lt;BR/&gt;&lt;img src="http://www.fhoch3.peterliwiese.ch/8855_Wangen/img/127_Pic_1.jpg" style="max-height:200px;" /&gt;|http://www.fhoch3.peterliwiese.ch/icons/HyderantNeuKlein.png|8.89744,47.18832
128|ff00ffff||||128_Pic_1.jpg||Neu||8.89906|47.18769|||&lt;BR/&gt;&lt;img src="http://www.fhoch3.peterliwiese.ch/8855_Wangen/img/128_Pic_1.jpg" style="max-height:200px;" /&gt;||&lt;BR/&gt;&lt;img src="http://www.fhoch3.peterliwiese.ch/8855_Wangen/img/128_Pic_1.jpg" style="max-height:200px;" /&gt;&lt;BR/&gt;&lt;img src="http://www.fhoch3.peterliwiese.ch/8855_Wangen/img/128_Pic_1.jpg" style="max-height:200px;" /&gt;|http://www.fhoch3.peterliwiese.ch/icons/HyderantNeuKlein.png|8.89906,47.18769
129|ff00ffff||||129_Pic_1.jpg||Neu||8.89795882951763|47.1840694926299|||&lt;BR/&gt;&lt;img src="http://www.fhoch3.peterliwiese.ch/8855_Wangen/img/129_Pic_1.jpg" style="max-height:200px;" /&gt;||&lt;BR/&gt;&lt;img src="http://www.fhoch3.peterliwiese.ch/8855_Wangen/img/129_Pic_1.jpg" style="max-height:200px;" /&gt;&lt;BR/&gt;&lt;img src="http://www.fhoch3.peterliwiese.ch/8855_Wangen/img/129_Pic_1.jpg" style="max-height:200px;" /&gt;|http://www.fhoch3.peterliwiese.ch/icons/HyderantNeuKlein.png|8.89795882951763,47.1840694926299
130|ff00ffff||||130_Pic_1.jpg||Neu||8.89763420450304|47.1832494707395|||&lt;BR/&gt;&lt;img src="http://www.fhoch3.peterliwiese.ch/8855_Wangen/img/130_Pic_1.jpg" style="max-height:200px;" /&gt;||&lt;BR/&gt;&lt;img src="http://www.fhoch3.peterliwiese.ch/8855_Wangen/img/130_Pic_1.jpg" style="max-height:200px;" /&gt;&lt;BR/&gt;&lt;img src="http://www.fhoch3.peterliwiese.ch/8855_Wangen/img/130_Pic_1.jpg" style="max-height:200px;" /&gt;|http://www.fhoch3.peterliwiese.ch/icons/HyderantNeuKlein.png|8.89763420450304,47.1832494707395
131|ff00ffff||||131_Pic_1.jpg||Neu||8.89963465646452|47.1833145863531|||&lt;BR/&gt;&lt;img src="http://www.fhoch3.peterliwiese.ch/8855_Wangen/img/131_Pic_1.jpg" style="max-height:200px;" /&gt;||&lt;BR/&gt;&lt;img src="http://www.fhoch3.peterliwiese.ch/8855_Wangen/img/131_Pic_1.jpg" style="max-height:200px;" /&gt;&lt;BR/&gt;&lt;img src="http://www.fhoch3.peterliwiese.ch/8855_Wangen/img/131_Pic_1.jpg" style="max-height:200px;" /&gt;|http://www.fhoch3.peterliwiese.ch/icons/HyderantNeuKlein.png|8.89963465646452,47.1833145863531
132|ff00ffff||||132_Pic_1.jpg||Neu||8.89971132633048|47.1824007139422|||&lt;BR/&gt;&lt;img src="http://www.fhoch3.peterliwiese.ch/8855_Wangen/img/132_Pic_1.jpg" style="max-height:200px;" /&gt;||&lt;BR/&gt;&lt;img src="http://www.fhoch3.peterliwiese.ch/8855_Wangen/img/132_Pic_1.jpg" style="max-height:200px;" /&gt;&lt;BR/&gt;&lt;img src="http://www.fhoch3.peterliwiese.ch/8855_Wangen/img/132_Pic_1.jpg" style="max-height:200px;" /&gt;|http://www.fhoch3.peterliwiese.ch/icons/HyderantNeuKlein.png|8.89971132633048,47.1824007139422
133|ff00ffff||||133_Pic_1.jpg||Neu||8.89503|47.19504|||&lt;BR/&gt;&lt;img src="http://www.fhoch3.peterliwiese.ch/8855_Wangen/img/133_Pic_1.jpg" style="max-height:200px;" /&gt;||&lt;BR/&gt;&lt;img src="http://www.fhoch3.peterliwiese.ch/8855_Wangen/img/133_Pic_1.jpg" style="max-height:200px;" /&gt;&lt;BR/&gt;&lt;img src="http://www.fhoch3.peterliwiese.ch/8855_Wangen/img/133_Pic_1.jpg" style="max-height:200px;" /&gt;|http://www.fhoch3.peterliwiese.ch/icons/HyderantNeuKlein.png|8.89503,47.19504
134|ff00ffff||||134_Pic_1.jpg||Neu||8.88613461633209|47.2013998202017|||&lt;BR/&gt;&lt;img src="http://www.fhoch3.peterliwiese.ch/8855_Wangen/img/134_Pic_1.jpg" style="max-height:200px;" /&gt;||&lt;BR/&gt;&lt;img src="http://www.fhoch3.peterliwiese.ch/8855_Wangen/img/134_Pic_1.jpg" style="max-height:200px;" /&gt;&lt;BR/&gt;&lt;img src="http://www.fhoch3.peterliwiese.ch/8855_Wangen/img/134_Pic_1.jpg" style="max-height:200px;" /&gt;|http://www.fhoch3.peterliwiese.ch/icons/HyderantNeuKlein.png|8.88613461633209,47.2013998202017
135|ff00ffff||||135_Pic_1.jpg||Neu||8.87863320549227|47.1928109461007|||&lt;BR/&gt;&lt;img src="http://www.fhoch3.peterliwiese.ch/8855_Wangen/img/135_Pic_1.jpg" style="max-height:200px;" /&gt;||&lt;BR/&gt;&lt;img src="http://www.fhoch3.peterliwiese.ch/8855_Wangen/img/135_Pic_1.jpg" style="max-height:200px;" /&gt;&lt;BR/&gt;&lt;img src="http://www.fhoch3.peterliwiese.ch/8855_Wangen/img/135_Pic_1.jpg" style="max-height:200px;" /&gt;|http://www.fhoch3.peterliwiese.ch/icons/HyderantNeuKlein.png|8.87863320549227,47.1928109461007
136|ff00ffff|||Beim Kandelaber|136_Pic_1.jpg||Neu||8.87290756832225|47.1923447545092|| Beim Kandelaber|&lt;BR/&gt;&lt;img src="http://www.fhoch3.peterliwiese.ch/8855_Wangen/img/136_Pic_1.jpg" style="max-height:200px;" /&gt;|| Beim Kandelaber&lt;BR/&gt;&lt;img src="http://www.fhoch3.peterliwiese.ch/8855_Wangen/img/136_Pic_1.jpg" style="max-height:200px;" /&gt;&lt;BR/&gt;&lt;img src="http://www.fhoch3.peterliwiese.ch/8855_Wangen/img/136_Pic_1.jpg" style="max-height:200px;" /&gt;|http://www.fhoch3.peterliwiese.ch/icons/HyderantNeuKlein.png|8.87290756832225,47.1923447545092
137|ff00ffff||||137_Pic_1.jpg||Neu||8.8889|47.20243|||&lt;BR/&gt;&lt;img src="http://www.fhoch3.peterliwiese.ch/8855_Wangen/img/137_Pic_1.jpg" style="max-height:200px;" /&gt;||&lt;BR/&gt;&lt;img src="http://www.fhoch3.peterliwiese.ch/8855_Wangen/img/137_Pic_1.jpg" style="max-height:200px;" /&gt;&lt;BR/&gt;&lt;img src="http://www.fhoch3.peterliwiese.ch/8855_Wangen/img/137_Pic_1.jpg" style="max-height:200px;" /&gt;|http://www.fhoch3.peterliwiese.ch/icons/HyderantNeuKlein.png|8.8889,47.20243
